-- MySQL dump 10.13  Distrib 5.7.17, for Win64 (x86_64)
--
-- Host: 127.0.0.1    Database: reclama1
-- ------------------------------------------------------
-- Server version	5.5.5-10.1.25-MariaDB

/*!40101 SET @OLD_CHARACTER_SET_CLIENT=@@CHARACTER_SET_CLIENT */;
/*!40101 SET @OLD_CHARACTER_SET_RESULTS=@@CHARACTER_SET_RESULTS */;
/*!40101 SET @OLD_COLLATION_CONNECTION=@@COLLATION_CONNECTION */;
/*!40101 SET NAMES utf8 */;
/*!40103 SET @OLD_TIME_ZONE=@@TIME_ZONE */;
/*!40103 SET TIME_ZONE='+00:00' */;
/*!40014 SET @OLD_UNIQUE_CHECKS=@@UNIQUE_CHECKS, UNIQUE_CHECKS=0 */;
/*!40014 SET @OLD_FOREIGN_KEY_CHECKS=@@FOREIGN_KEY_CHECKS, FOREIGN_KEY_CHECKS=0 */;
/*!40101 SET @OLD_SQL_MODE=@@SQL_MODE, SQL_MODE='NO_AUTO_VALUE_ON_ZERO' */;
/*!40111 SET @OLD_SQL_NOTES=@@SQL_NOTES, SQL_NOTES=0 */;

--
-- Table structure for table `bairro`
--

DROP TABLE IF EXISTS `bairro`;
/*!40101 SET @saved_cs_client     = @@character_set_client */;
/*!40101 SET character_set_client = utf8 */;
CREATE TABLE `bairro` (
  `cod_bai` int(11) NOT NULL AUTO_INCREMENT,
  `nome_bai` varchar(60) NOT NULL,
  `status_bai` char(1) NOT NULL DEFAULT 'A',
  PRIMARY KEY (`cod_bai`)
) ENGINE=InnoDB AUTO_INCREMENT=20 DEFAULT CHARSET=latin1;
/*!40101 SET character_set_client = @saved_cs_client */;

--
-- Dumping data for table `bairro`
--

LOCK TABLES `bairro` WRITE;
/*!40000 ALTER TABLE `bairro` DISABLE KEYS */;
INSERT INTO `bairro` VALUES (1,'Engenho Novo','A'),(2,'Jardim Belval','A'),(3,'Jardim Silveira','A'),(5,'Parque Santana II','A'),(6,'Bairro do funk','A'),(7,'Bairro da jaca','A'),(8,'Fudeu','A'),(9,'jgsdj','A'),(10,'','A'),(11,'Jardim Barueri','A'),(12,'Vila São João','A'),(13,'Jardim Tupanci','A'),(14,'...','A'),(15,'Parque Imperial','A'),(16,'Vila Engenho Novo','A'),(17,'Jardim Mutinga','A'),(18,'Jardim Paulista','A'),(19,'Centro','A');
/*!40000 ALTER TABLE `bairro` ENABLE KEYS */;
UNLOCK TABLES;

--
-- Table structure for table `categoria`
--

DROP TABLE IF EXISTS `categoria`;
/*!40101 SET @saved_cs_client     = @@character_set_client */;
/*!40101 SET character_set_client = utf8 */;
CREATE TABLE `categoria` (
  `cod_cate` int(11) NOT NULL AUTO_INCREMENT,
  `descri_cate` varchar(60) NOT NULL,
  `status_cate` char(1) NOT NULL DEFAULT 'A',
  PRIMARY KEY (`cod_cate`)
) ENGINE=InnoDB AUTO_INCREMENT=6 DEFAULT CHARSET=latin1;
/*!40101 SET character_set_client = @saved_cs_client */;

--
-- Dumping data for table `categoria`
--

LOCK TABLES `categoria` WRITE;
/*!40000 ALTER TABLE `categoria` DISABLE KEYS */;
INSERT INTO `categoria` VALUES (1,'Saúde','A'),(2,'Segurança','A'),(3,'Transporte','A'),(4,'Educação','A'),(5,'Meio Ambiente','A');
/*!40000 ALTER TABLE `categoria` ENABLE KEYS */;
UNLOCK TABLES;

--
-- Table structure for table `comen_curtida`
--

DROP TABLE IF EXISTS `comen_curtida`;
/*!40101 SET @saved_cs_client     = @@character_set_client */;
/*!40101 SET character_set_client = utf8 */;
CREATE TABLE `comen_curtida` (
  `cod_usu` int(11) NOT NULL,
  `cod_comen` int(11) NOT NULL,
  `status_curte` char(1) NOT NULL DEFAULT 'A',
  `ind_visu_dono_publi` char(1) NOT NULL DEFAULT 'N',
  `dataHora_comen_curti` datetime NOT NULL,
  PRIMARY KEY (`cod_usu`,`cod_comen`),
  KEY `fk_Usuario_has_Comentario1_Comentario1_idx` (`cod_comen`),
  KEY `fk_Usuario_has_Comentario1_Usuario1_idx` (`cod_usu`),
  CONSTRAINT `fk_Usuario_has_Comentario1_Comentario1` FOREIGN KEY (`cod_comen`) REFERENCES `comentario` (`cod_comen`) ON DELETE NO ACTION ON UPDATE NO ACTION,
  CONSTRAINT `fk_Usuario_has_Comentario1_Usuario1` FOREIGN KEY (`cod_usu`) REFERENCES `usuario` (`cod_usu`) ON DELETE NO ACTION ON UPDATE NO ACTION
) ENGINE=InnoDB DEFAULT CHARSET=latin1;
/*!40101 SET character_set_client = @saved_cs_client */;

--
-- Dumping data for table `comen_curtida`
--

LOCK TABLES `comen_curtida` WRITE;
/*!40000 ALTER TABLE `comen_curtida` DISABLE KEYS */;
INSERT INTO `comen_curtida` VALUES (1,3,'A','V','2018-08-08 15:47:05'),(1,6,'A','V','2018-08-08 15:47:05'),(1,39,'I','V','2018-08-10 16:10:16'),(1,47,'I','V','2018-08-10 16:10:21'),(1,48,'A','V','2018-08-08 15:47:05'),(1,50,'I','V','2018-08-10 16:10:09'),(1,52,'I','V','2018-08-10 16:10:45'),(1,53,'I','V','2018-08-10 16:10:11'),(1,54,'I','V','2018-08-10 16:10:40'),(1,55,'I','V','2018-08-08 15:47:05'),(1,56,'I','V','2018-08-08 15:47:05'),(1,58,'I','V','2018-08-08 15:47:05'),(1,59,'I','V','2018-08-08 15:47:05'),(1,60,'I','V','2018-08-08 15:47:05'),(1,61,'A','V','2018-08-24 01:22:55'),(1,62,'I','V','2018-08-08 15:47:05'),(1,63,'I','V','2018-08-08 15:47:05'),(1,67,'I','V','2018-08-08 15:47:05'),(1,68,'I','V','2018-08-08 15:47:05'),(1,70,'I','V','2018-08-08 15:47:05'),(1,81,'I','B','2018-08-08 15:47:05'),(1,84,'A','N','2018-08-08 15:47:05'),(1,86,'A','N','2018-08-31 00:02:10'),(1,104,'I','N','2018-08-11 18:34:21'),(1,115,'A','V','2018-08-31 00:02:20'),(2,56,'A','V','2018-08-08 15:47:05'),(2,63,'A','V','2018-08-08 15:47:05'),(2,70,'I','V','2018-08-08 15:47:05'),(2,84,'A','N','2018-08-08 15:47:05'),(2,85,'I','V','2018-08-08 15:47:05'),(2,101,'A','V','2018-08-08 15:47:05'),(2,106,'A','B','2018-08-11 18:35:35'),(3,84,'A','N','2018-08-08 15:47:05'),(3,87,'A','V','2018-08-08 15:47:05'),(4,10,'I','I','2018-08-25 14:57:53'),(6,1,'A','V','2018-08-08 15:47:05'),(6,77,'A','B','2018-08-08 15:47:05'),(6,85,'A','V','2018-08-08 15:47:05'),(6,89,'A','V','2018-08-08 15:47:05'),(95,84,'A','I','0000-00-00 00:00:00'),(95,86,'A','B','0000-00-00 00:00:00');
/*!40000 ALTER TABLE `comen_curtida` ENABLE KEYS */;
UNLOCK TABLES;

--
-- Table structure for table `comen_denun`
--

DROP TABLE IF EXISTS `comen_denun`;
/*!40101 SET @saved_cs_client     = @@character_set_client */;
/*!40101 SET character_set_client = utf8 */;
CREATE TABLE `comen_denun` (
  `cod_denun_comen` int(11) NOT NULL AUTO_INCREMENT,
  `dataHora_denun_comen` datetime NOT NULL,
  `status_denun_comen` char(1) NOT NULL DEFAULT 'A',
  `motivo_denun_comen` longtext NOT NULL,
  `ind_visu_adm` char(1) NOT NULL DEFAULT 'N',
  `cod_usu` int(11) NOT NULL,
  `cod_comen` int(11) NOT NULL,
  PRIMARY KEY (`cod_denun_comen`),
  KEY `fk_Usuario_has_Comentario_Comentario1_idx` (`cod_comen`),
  KEY `fk_Usuario_has_Comentario_Usuario1_idx` (`cod_usu`),
  CONSTRAINT `fk_Usuario_has_Comentario_Comentario1` FOREIGN KEY (`cod_comen`) REFERENCES `comentario` (`cod_comen`) ON DELETE NO ACTION ON UPDATE NO ACTION,
  CONSTRAINT `fk_Usuario_has_Comentario_Usuario1` FOREIGN KEY (`cod_usu`) REFERENCES `usuario` (`cod_usu`) ON DELETE NO ACTION ON UPDATE NO ACTION
) ENGINE=InnoDB AUTO_INCREMENT=59 DEFAULT CHARSET=latin1;
/*!40101 SET character_set_client = @saved_cs_client */;

--
-- Dumping data for table `comen_denun`
--

LOCK TABLES `comen_denun` WRITE;
/*!40000 ALTER TABLE `comen_denun` DISABLE KEYS */;
INSERT INTO `comen_denun` VALUES (1,'0000-00-00 00:00:00','A','dsadasdasA','N',1,68),(2,'0000-00-00 00:00:00','A','dadasdsB','N',1,67),(3,'2018-08-04 18:22:23','A','vacaC','V',1,78),(4,'2018-08-05 15:10:22','A','dasdasD','N',1,6),(5,'2018-08-05 15:16:54','I','dasdasE','V',1,3),(6,'2018-08-05 16:56:22','A','Nova Denuncia','N',1,64),(7,'2018-08-05 16:57:28','A','caralho','N',2,76),(8,'2018-08-05 17:18:35','A','adsadasdasdasdasd','N',2,75),(9,'2018-08-05 20:24:31','A','Vagabundo\r\n','N',1,84),(10,'2018-08-31 15:58:32','A','Quero denunciar esta poha','N',1,100),(11,'2018-09-24 14:59:01','A','dasdasdasdas','V',2,87),(12,'2018-09-24 15:04:13','A','dsadasdasdasd','V',2,115),(13,'2018-10-05 18:17:24','I','dasdsadasdasdasdas23434234','N',1,127),(14,'2018-10-06 12:06:29','A','Quero denunciar esta poha\r\n','V',2,129),(15,'2018-10-06 17:04:43','A','adsadasdsa','V',2,127),(16,'2018-10-06 17:05:40','I','fdsfsdfsdf','N',2,82),(17,'2018-10-12 19:04:26','A','dasdasdasdasdasdasdasdasdasdasdasdasd','N',1,4),(18,'2018-10-13 16:20:59','I','dsadasdasdasdasdasdHORA\r\n','V',2,147),(19,'2018-10-13 16:21:54','I','dasdasdasdasdasdas','V',2,146),(20,'2018-10-22 17:21:47','A','14214242','N',1,135),(21,'2018-10-23 01:44:37','I','kjhkjhjkhkj\r\n','N',1,130),(22,'2018-10-28 18:02:06','A','123 comen\n','N',2,140),(23,'2018-10-28 18:02:28','I','ytste cvomenta 12334','N',2,142),(24,'2018-11-05 16:13:38','A','Quero denunciar esta poha','V',1,5),(25,'2018-11-15 15:21:51','A','1','N',2,70),(26,'2018-11-15 15:21:57','I','1','N',2,58),(27,'2018-11-15 15:22:08','I','3','N',2,59),(28,'2018-11-15 15:22:13','A','4\n','V',2,60),(29,'2018-11-15 15:30:22','I','12','N',4,58),(30,'2018-11-15 15:31:23','I','TESte23','N',4,59),(31,'2018-11-15 15:31:42','I','s','N',4,57),(32,'2018-11-15 15:35:15','I','s','N',4,54),(33,'2018-11-15 15:36:09','I','as','N',4,55),(34,'2018-11-15 15:37:11','I','s','N',4,58),(35,'2018-11-15 15:37:54','I','as','N',4,59),(36,'2018-11-15 15:39:43','I','s','N',4,57),(37,'2018-11-15 15:40:30','I','s','N',4,55),(38,'2018-11-15 15:44:34','I','16','N',4,54),(39,'2018-11-15 15:46:24','I','45\n','N',4,47),(40,'2018-11-15 15:47:09','I','s','N',4,51),(41,'2018-11-15 15:48:16','A','s','N',4,58),(42,'2018-11-15 15:48:45','A','l','N',4,59),(43,'2018-11-15 15:53:35','A','as','N',4,57),(44,'2018-11-15 15:58:35','A','as','N',4,54),(45,'2018-11-15 16:00:23','A','as','N',4,55),(46,'2018-11-15 16:44:26','A','as','N',2,142),(47,'2018-11-15 16:45:17','A','as','V',2,141),(48,'2018-12-01 12:40:55','A','quero denunciar','V',2,193),(49,'2018-12-03 20:27:42','A','sd','N',1,237),(50,'2018-12-03 20:27:52','A','dsdsd','N',1,236),(51,'2018-12-04 16:57:36','A','dasdasd','N',2,241),(52,'2018-12-04 17:00:27','A','sa','N',1,238),(53,'2018-12-04 17:16:54','I','123','N',1,159),(54,'2018-12-04 17:17:15','A','1234','N',1,159),(55,'2018-12-04 17:17:38','A','as','N',1,158),(56,'2019-01-12 20:24:43','A','sd','N',204,192),(57,'2019-01-12 20:25:14','A','sd','N',204,158),(58,'2019-01-12 20:37:20','I','234324','V',204,161);
/*!40000 ALTER TABLE `comen_denun` ENABLE KEYS */;
UNLOCK TABLES;

--
-- Table structure for table `comentario`
--

DROP TABLE IF EXISTS `comentario`;
/*!40101 SET @saved_cs_client     = @@character_set_client */;
/*!40101 SET character_set_client = utf8 */;
CREATE TABLE `comentario` (
  `cod_comen` int(11) NOT NULL AUTO_INCREMENT,
  `texto_comen` longtext NOT NULL,
  `ind_visu_dono_publi` char(1) NOT NULL DEFAULT 'N',
  `dataHora_comen` datetime NOT NULL,
  `status_comen` char(1) NOT NULL DEFAULT 'A',
  `cod_usu` int(11) NOT NULL,
  `cod_publi` int(11) NOT NULL,
  PRIMARY KEY (`cod_comen`),
  KEY `fk_Comentario_Usuario1_idx` (`cod_usu`),
  KEY `fk_Comentario_Publicacao1_idx` (`cod_publi`),
  CONSTRAINT `fk_Comentario_Publicacao1` FOREIGN KEY (`cod_publi`) REFERENCES `publicacao` (`cod_publi`) ON DELETE NO ACTION ON UPDATE NO ACTION,
  CONSTRAINT `fk_Comentario_Usuario1` FOREIGN KEY (`cod_usu`) REFERENCES `usuario` (`cod_usu`) ON DELETE NO ACTION ON UPDATE NO ACTION
) ENGINE=InnoDB AUTO_INCREMENT=278 DEFAULT CHARSET=latin1;
/*!40101 SET character_set_client = @saved_cs_client */;

--
-- Dumping data for table `comentario`
--

LOCK TABLES `comentario` WRITE;
/*!40000 ALTER TABLE `comentario` DISABLE KEYS */;
INSERT INTO `comentario` VALUES (1,'Comen1','V','2012-05-08 08:00:00','A',1,1),(3,'Comen2','V','2012-05-08 08:00:00','A',2,1),(4,'Comen3','V','2012-05-08 08:00:00','A',2,2),(5,'Comen4','V','2012-05-08 08:00:00','A',2,3),(6,'5','V','2012-05-08 08:00:00','A',3,1),(7,'6','V','2012-05-08 08:00:00','A',3,2),(8,'7','V','2012-05-08 08:00:00','A',3,3),(9,'9','V','2012-05-08 08:00:00','A',3,4),(10,'10','V','2018-08-08 15:47:05','A',4,5),(11,'11','V','2018-08-08 15:47:05','A',5,1),(39,'JACA23','V','2018-07-25 20:29:02','A',1,17),(47,'JACA22','V','2018-07-25 20:31:45','A',1,17),(48,'Essa é a resposta da prefeitura','V','2018-07-25 20:31:45','A',3,17),(49,'JACA21','V','2018-07-25 20:32:11','A',1,17),(50,'JACA20','V','2018-07-25 20:32:11','A',1,17),(51,'JACA1999999    ','V','2018-07-25 20:32:11','A',1,17),(52,'JACA18','V','2018-07-25 20:32:12','A',1,17),(53,'JACA17','V','2018-07-25 20:32:19','A',1,17),(54,'JACA16','V','2018-07-25 20:32:20','A',1,17),(55,'JACA15','V','2018-07-25 20:32:20','I',1,17),(56,'JACA14','V','2018-07-25 20:32:20','A',1,17),(57,'JACA13','V','2018-07-25 20:32:30','A',1,17),(58,'JACA1213131','V','2018-07-25 20:32:31','A',1,17),(59,'JACA11','V','2018-07-25 20:32:31','A',1,17),(60,'JACA10','V','2018-07-25 20:32:31','A',1,17),(61,'JACA889\r\n','V','2018-07-25 20:32:58','A',1,17),(62,'JAC    ','V','2018-07-25 20:33:17','A',1,17),(63,'JACA6','V','2018-07-25 20:35:02','A',1,17),(64,'JACA5','V','2018-07-25 20:35:29','A',2,17),(65,'JACA4','V','2018-07-25 20:35:30','A',2,17),(66,'JACA3','V','2018-07-25 20:39:35','A',2,17),(67,'JACA2','V','2018-07-25 20:39:53','A',2,17),(68,'JACA1','V','2018-07-25 20:40:12','A',2,17),(70,'Dasdasdsa\r\ndas\r\nd\r\nas\r\nd\r\nas\r\n','V','2018-07-27 14:31:07','A',1,17),(71,'Esse é um teste oloco meu \r\nd\r\nas\r\ndas\r\nd\r\n','V','2018-07-27 14:36:16','A',1,20),(72,'Essa é minha publicacao','I','2018-07-27 14:37:30','A',2,13),(73,'Lakdsjdljkasldhjaskld\r\nprefe    ','V','2018-07-27 14:41:15','A',3,15),(74,'Kdkljasd\r\nprefeitura','V','2018-07-27 14:59:20','A',3,20),(75,'Teste da hora 15\r\ndasdas\r\n','V','2018-07-27 15:00:59','A',1,20),(76,'Teste Novamente','V','2018-07-27 15:01:35','A',1,20),(77,'Não acredito nisso.......\r\nEntraremos em contato\r\nFique tranquila\r\n\r\nbeijos','V','2018-07-27 15:05:14','A',3,7),(78,'Ok ficarei no aguardo','I','2018-07-27 15:06:53','A',2,7),(79,'Kdbasdkhaksjdhkjashkdjasd\r\ndasd\r\nas\r\nd\r\na\r\nsd\r\nsa','V','2018-07-27 15:41:35','A',1,20),(80,'Dsadasdas','V','2018-07-27 16:00:14','A',1,20),(81,'Vcs estao no mar????\r\n\r\nhahahha\r\naqui é a prefeitura seus trouxas\r\n','V','2018-07-27 16:11:10','A',3,21),(82,'Comentario4234234234    ','B','2018-07-29 12:34:36','A',1,24),(83,'Comentario    dasdasdasd','B','2018-07-29 12:34:51','A',1,24),(84,'Comentario do odandkaspodaps dono','I','2018-07-29 12:35:11','A',95,24),(85,'Comeajrjajdlkja 2                                                     ','N','2018-07-29 12:36:47','A',2,24),(86,'Comentario 24    ','N','2018-07-29 12:37:58','A',3,24),(87,'Ddasdasdasd','B','2018-07-29 12:45:48','A',1,24),(88,'Estou respondendo a publicacao','V','2018-07-29 12:53:47','A',3,16),(89,'','V','2018-08-03 16:02:47','A',1,23),(90,'Dsadasdasdasds','V','2018-08-04 14:13:30','A',3,8),(99,'Vou responder esta poha','V','2018-08-04 15:36:28','A',3,9),(100,'Maria homaasdsadasd','V','2018-08-10 15:52:29','A',2,17),(101,'Jaca\r\n','V','2018-08-10 16:09:05','A',2,23),(102,'TEste123123123123','V','2018-08-11 18:19:09','A',2,16),(103,'Dsadasdasdasd','V','2018-08-11 18:24:55','A',2,16),(104,'Novo TEste\r\n','V','2018-08-11 18:33:31','A',2,20),(105,'Jaca234567    ','V','2018-08-11 18:34:02','A',1,20),(106,'Dsadasdasdasdasd','N','2018-08-11 18:34:50','A',1,15),(107,'Comentario hahahahhaha','V','2018-08-12 16:15:27','A',2,12),(108,'Resposta da prefeitura hahahahahah','V','2018-08-12 16:16:09','A',3,10),(109,'Dasdasdsd@Edasdasdasd]gsg\r\nddfgdfg  \r\ng          \r\n          gfdgdfg   ','V','2018-08-24 00:14:26','A',4,11),(110,'Essa poha esta funcionando corretamente\r\n','V','2018-08-24 01:11:30','A',114,12),(111,'Ljkdhajlkshdjkash','V','2018-08-25 14:25:21','A',4,23),(112,'TEste da notifiacacao\r\n','V','2018-08-25 14:26:43','A',4,6),(114,'Dasdasdasdasdas','N','2018-08-25 15:14:49','A',4,13),(115,'Dsadasdasdasd','N','2018-08-31 00:02:15','A',1,24),(116,'Jasdasdasd','V','2018-08-31 01:53:40','A',1,17),(117,'Resposta\r\n','V','2018-08-31 02:08:13','A',4,25),(118,'Comenarto no teste','V','2018-09-01 00:10:29','A',1,26),(119,'Cadasdasd131312312','V','2018-09-01 00:10:35','A',1,26),(120,'Oloko meu','V','2018-09-01 00:23:52','A',1,4),(121,'Dsadasdas','V','2018-09-03 15:37:57','A',1,26),(122,'Resposta da preitura hdjashdjkashjkdhkajsdas\r\nldfjgfjhjgfhjkfghklj]/a\r\nAbracos','V','2018-09-03 16:59:26','A',3,6),(123,'Dasdas','V','2018-09-15 21:49:03','A',1,6),(124,'Novo teste dijkalkjdlksa\r\nhgdfgkfdkgçdkgkdfgd ','V','2018-09-16 16:45:39','A',4,25),(125,'Jacgfdgfdgdfgf                            ','N','2018-09-19 16:14:10','A',2,24),(126,'Tstess','N','2018-09-19 16:14:18','A',2,24),(127,'Dasdasd','V','2018-09-19 16:45:36','A',121,25),(128,'','V','2018-09-20 01:03:10','A',125,26),(129,'Jdkashjdjkhasdjkhasjkdhjakshdjkashdkuhasdhjakshkj DEnucnakjsd 123124234\r\n\r\n                                                ','V','2018-10-06 11:56:13','A',1,26),(130,'Dsadasdasd','V','2018-10-06 14:05:47','A',2,26),(131,'Dsadasdsa','V','2018-10-06 14:05:50','A',2,26),(132,'Dasdasdasd','V','2018-10-06 14:05:54','I',2,26),(133,'Dasdasdasd','V','2018-10-06 14:05:58','I',2,26),(134,'Dsadasdasd','V','2018-10-06 14:06:02','I',2,26),(135,'Dfgdfgdfg','V','2018-10-06 14:06:09','I',2,26),(136,'Dsadsadsad','V','2018-10-06 18:35:13','A',1,29),(137,'Dsadasdasd','V','2018-10-06 18:35:38','A',4,29),(138,'Dasdasd','V','2018-10-12 19:42:44','A',1,29),(139,'Dsadasd','V','2018-10-12 19:44:59','A',1,29),(140,'Fsdf','V','2018-10-12 19:45:02','A',1,29),(141,'Dsadas                     \r\n                           ','V','2018-10-12 19:46:04','A',1,29),(142,'Dasd\r\ndsadasd  \r\n\r\n\r\n                                                                                              ','V','2018-10-12 19:46:22','A',1,29),(143,'Dasd','V','2018-10-12 13:47:54','A',1,29),(144,'Gfd','V','2018-10-12 13:47:59','A',1,29),(145,'1','V','2018-10-12 13:48:03','A',1,29),(146,'Dasdasd','V','2018-10-13 16:08:29','A',1,28),(147,'Sdasdas','V','2018-10-13 16:09:03','A',1,28),(148,'Dasdasddsadasd12123213123123123\r\ndsaddas\r\ndsadasd\r\n','N','2018-10-22 16:58:05','I',1,28),(149,'Dasdasd','I','2018-10-22 17:36:19','A',1,26),(150,'Fsdfsdf','I','2018-10-22 17:36:27','A',1,26),(151,'Dsadasdasdasdas','V','2018-10-26 02:12:34','A',3,1),(152,'Dsadas','N','2018-10-27 00:46:13','I',1,28),(153,'A','N','2018-10-28 18:12:32','A',2,26),(154,'As','N','2018-10-28 18:12:36','A',2,26),(155,'Assdfsdf','N','2018-10-28 18:12:38','A',2,26),(156,'Assdfsdfs','N','2018-10-28 18:15:28','A',2,26),(157,'Assdfsdfs','N','2018-10-28 18:15:37','A',2,26),(158,'As','I','2018-10-28 18:40:32','I',2,27),(159,'A','I','2018-10-28 18:40:42','I',2,27),(160,'As','N','2018-10-30 01:06:56','I',1,27),(161,'Dfgdf','N','2018-10-30 01:06:58','A',1,27),(162,'Gdfgd','N','2018-10-30 01:07:01','I',1,27),(163,'                Gdfgsfsdssd                ','N','2018-10-30 01:07:03','I',1,27),(164,'A','N','2018-10-30 01:13:59','I',1,27),(165,'A\n','N','2018-10-30 01:14:19','I',1,27),(166,'A','N','2018-10-30 01:14:56','I',1,27),(167,'A','N','2018-10-30 01:15:01','I',1,27),(168,'A','N','2018-10-30 01:15:05','I',1,27),(169,'A','N','2018-10-30 01:15:55','I',1,27),(170,'A','N','2018-10-30 01:16:15','I',1,27),(171,'S','N','2018-10-30 01:16:16','I',1,27),(172,'','N','2018-10-30 01:16:17','I',1,27),(173,'D','N','2018-10-30 01:16:19','I',1,27),(174,'','N','2018-10-30 01:16:19','I',1,27),(175,'Fd','N','2018-10-30 01:16:21','I',1,27),(176,'Fg','N','2018-10-30 01:16:22','I',1,27),(177,'Gh','N','2018-10-30 01:16:23','I',1,27),(178,'Hj','N','2018-10-30 01:16:24','I',1,27),(179,'A','N','2018-10-30 01:27:07','I',1,27),(180,'S','N','2018-10-30 01:27:09','I',1,27),(181,'Ds','N','2018-10-30 01:27:10','I',1,27),(182,'Fd','N','2018-10-30 01:27:11','I',1,27),(183,'Gf','N','2018-10-30 01:27:12','I',1,27),(184,'Ghg','N','2018-10-30 01:27:14','I',1,27),(185,'Hj','N','2018-10-30 01:27:15','I',1,27),(186,'Fd','N','2018-10-30 01:27:17','I',1,27),(187,'Asd','N','2018-10-30 01:28:44','I',1,27),(188,'Asd','N','2018-10-30 01:28:45','I',1,27),(189,'Asd','N','2018-10-30 01:29:05','I',1,27),(190,'Asdsad','N','2018-10-30 01:29:15','I',1,27),(191,'Sadsa','N','2018-10-30 01:29:17','I',1,27),(192,'123','N','2018-10-30 01:29:18','I',1,27),(193,'Asd','N','2018-10-30 01:34:27','I',1,27),(194,'A','N','2018-10-30 01:37:37','I',1,27),(195,'Asd','N','2018-10-30 01:37:56','I',1,27),(196,'Asd','I','2018-10-30 01:38:28','I',2,27),(197,'Asd','I','2018-10-30 01:38:31','I',2,27),(198,'                S                s','N','2018-10-30 01:47:54','I',1,27),(199,'As','N','2018-10-30 01:48:57','I',1,27),(200,'12','N','2018-10-30 01:48:58','I',1,27),(201,'','N','2018-10-30 01:55:35','I',1,27),(202,'Hj\n','N','2018-10-30 01:55:38','I',1,27),(203,'Hj','N','2018-10-30 01:56:06','I',1,27),(204,'9','N','2018-10-30 01:56:09','I',1,27),(205,'A','N','2018-10-30 01:57:01','I',1,27),(206,'                12  sa                        ','N','2018-10-30 01:57:11','I',1,27),(207,'A','N','2018-10-30 01:57:52','I',1,27),(208,'A\n','N','2018-10-30 01:58:07','I',1,27),(209,'                A                s','N','2018-10-30 01:59:09','I',1,27),(210,'D','N','2018-10-30 01:59:35','I',1,27),(211,'A','N','2018-10-30 02:00:46','I',1,27),(212,'A\n','N','2018-10-30 02:02:26','I',1,27),(213,'Sasasasa','N','2018-10-30 02:03:07','I',1,27),(214,'Fdsfsdf2323','N','2018-10-30 02:03:21','I',1,27),(215,'Teste 2424526626','N','2018-10-30 02:04:13','I',1,27),(216,'1233434','N','2018-10-30 02:07:00','I',1,27),(217,'Asd','N','2018-10-30 02:36:51','A',4,26),(218,'Qweqweqwewqeqwewqe','V','2018-10-30 02:37:15','A',4,2),(219,'Agora vai','V','2018-10-30 02:38:24','A',4,3),(220,'Jaca','I','2018-11-05 16:13:16','I',1,3),(221,'Jaqiomja','I','2018-11-05 16:13:23','I',1,3),(222,'Oloco meu','I','2018-11-05 16:14:04','I',1,2),(223,'Hihihiihihihihi','I','2018-11-05 16:14:10','I',1,2),(224,'Dsad','I','2018-11-05 16:14:21','I',1,2),(225,'Dsadasdas','I','2018-11-05 16:14:23','I',1,2),(226,'Asdasd','I','2018-11-05 16:14:36','I',1,2),(227,'Fsdfs','I','2018-11-05 16:14:38','I',1,2),(228,'Gfdgfdg','I','2018-11-05 16:14:40','I',1,2),(229,'Hfghfgh','I','2018-11-05 16:14:43','I',1,2),(230,'Asdasdass','I','2018-11-07 14:37:19','I',1,43),(231,'Asdasd','N','2018-11-18 16:14:58','I',1,42),(232,'Asdasdasd','N','2018-11-18 19:00:11','A',3,4),(233,'Fsdfsd','N','2018-11-18 19:36:24','A',198,13),(234,'Nossa resposta é esta','N','2018-11-26 12:46:24','A',3,42),(235,'12','V','2018-11-27 19:09:33','A',1,25),(236,'Jaca12','V','2018-12-01 14:41:31','I',201,44),(237,'As','V','2018-12-01 14:41:34','I',201,44),(238,'Fds','V','2018-12-01 14:41:36','I',201,44),(239,'Ola','V','2018-12-01 14:43:42','I',1,44),(240,'Ihihihihih','V','2018-12-01 14:44:07','I',1,44),(241,'Sadfsdf','V','2018-12-01 14:44:13','I',1,44),(242,'Resposta ver se some','V','2018-12-03 21:31:30','A',3,27),(243,'Sds','N','2019-01-12 20:24:54','I',204,27),(244,'S','N','2019-01-12 20:28:18','I',204,27),(245,'Sds1223543523','N','2019-01-12 20:29:19','A',204,27),(246,'As','N','2019-01-12 20:29:29','I',204,27),(247,'Sd','N','2019-01-12 20:37:26','I',204,27),(248,'Sdf','N','2019-01-12 20:37:33','A',204,27),(249,'S','N','2019-01-12 20:38:20','A',204,45),(250,'S','N','2019-01-12 21:31:13','A',1,42),(251,'Asd','V','2019-01-13 14:05:02','A',204,25),(260,'Sd','N','2019-01-13 14:17:16','I',1,44),(261,'Sd','N','2019-01-13 14:17:33','I',1,44),(262,'Sd','N','2019-01-13 14:17:51','I',1,44),(263,'Sd','N','2019-01-13 14:18:35','I',1,44),(264,'Sd','N','2019-01-13 14:19:11','I',1,44),(265,'Sd','N','2019-01-13 14:19:30','I',1,44),(266,'Sd','N','2019-01-13 14:19:43','I',1,44),(267,'Sd','N','2019-01-13 14:19:50','I',1,44),(268,'Sd','N','2019-01-13 14:20:45','I',1,44),(269,'Sd','N','2019-01-13 14:21:21','I',1,44),(270,'Ds','N','2019-01-13 14:21:29','I',1,44),(271,'Sd','V','2019-01-13 14:22:44','A',4,16),(272,'As','N','2019-01-13 14:32:30','I',1,44),(273,'Sd','N','2019-01-13 14:35:25','I',1,44),(274,'As','N','2019-01-13 14:41:24','A',1,44),(275,'Sd','N','2019-01-13 14:42:51','I',1,44),(276,'Sd','V','2019-01-13 17:18:36','A',4,9),(277,'Jaca','V','2019-04-04 22:09:02','A',220,48);
/*!40000 ALTER TABLE `comentario` ENABLE KEYS */;
UNLOCK TABLES;

--
-- Table structure for table `debate`
--

DROP TABLE IF EXISTS `debate`;
/*!40101 SET @saved_cs_client     = @@character_set_client */;
/*!40101 SET character_set_client = utf8 */;
CREATE TABLE `debate` (
  `cod_deba` int(11) NOT NULL AUTO_INCREMENT,
  `img_deba` varchar(100) NOT NULL,
  `nome_deba` varchar(45) NOT NULL,
  `dataHora_deba` datetime NOT NULL,
  `status_deba` char(1) NOT NULL DEFAULT 'A',
  `tema_deba` varchar(100) NOT NULL,
  `descri_deba` longtext NOT NULL,
  `cod_usu` int(11) NOT NULL,
  PRIMARY KEY (`cod_deba`),
  KEY `fk_Debate_Usuario1_idx` (`cod_usu`),
  CONSTRAINT `fk_Debate_Usuario1` FOREIGN KEY (`cod_usu`) REFERENCES `usuario` (`cod_usu`) ON DELETE NO ACTION ON UPDATE NO ACTION
) ENGINE=InnoDB AUTO_INCREMENT=44 DEFAULT CHARSET=latin1;
/*!40101 SET character_set_client = @saved_cs_client */;

--
-- Dumping data for table `debate`
--

LOCK TABLES `debate` WRITE;
/*!40000 ALTER TABLE `debate` DISABLE KEYS */;
INSERT INTO `debate` VALUES (1,'6802390285b5ccd24db0581.23735850.jpeg','Titulo1','2018-07-28 17:08:04','I','Tema1','O Brasil, a Lua demorou para aparecer. Por volta das 18h, quando o céu ficou mais escuro por aqui, os primeiros registros foram feitos. Foi o eclipse mais longo do século, com melhor visibilidade na Europa e na África. Sol, Terra e Lua se alinharam, e milhares de pessoas conseguiram acompanhar pelo mundo. ',1),(2,'15685508315b5ccde0330624.72623462.jpeg','Titulo2','2018-07-28 17:11:12','I','Tema2','O Brasil, a Lua demorou para aparecer. Por volta das 18h, quando o céu ficou mais escuro por aqui, os primeiros registros foram feitos. Foi o eclipse mais longo do século, com melhor visibilidade na Europa e na África. Sol, Terra e Lua se alinharam, e milhares de pessoas conseguiram acompanhar pelo mundo. ',1),(6,'17260795155b5f7039697760.53574087.jpeg','Titulo3','2018-07-30 17:08:25','A','Tema3','Dasdasdasdmnlfdsg\r\ndfg\r\ndh\r\nfghfghfghfgh\r\nfgh\r\nfg\r\nhfg\r\nh\r\nfghfghfghfgh\r\n\r\nhfghfghfgh',2),(7,'15412471415b634b78d6f438.80662608.jpg','Novo Teste','2018-08-02 15:20:40','I','Teste','Dsadasjdaslkdjaklsdjklasjdlkasjldkjaskdlkasd\r\nfgsgjdsfjgldfjsgljldfjfdjglj\r\ngdçldfjgkjdfgjdfkgkdjfgkjdfkgjkdfgdfg\r\ndlgkjfdkjgdkjfkjfdkjgdkjkjdfskjsdgkjkjsdiqaw vroijnjfn lgfjuhewujrarueijhg',1),(8,'17874108135b634ce49f6250.82056001.png','Novo Teste2','2018-08-02 15:26:44','I','Teste2','Adsasdasiodhajkfdhkjs fdsjkah jkshgkj hfdskjg hdksfjg kjsdhfgj khkjfsdg kjsdg kjhdfskgj hdskjfgh kjdsf\r\n igfdjg jdslkg gkdsj klfdsjgjdsg g kdslfgjkfdsgj klgk lsjkgd \r\n',1),(9,'14510540505b634ce88b5ee5.03941712.png','Novo Teste2','2018-08-02 15:26:48','I','Teste2','Adsasdasiodhajkfdhkjs fdsjkah jkshgkj hfdskjg hdksfjg kjsdhfgj khkjfsdg kjsdg kjhdfskgj hdskjfgh kjdsf\r\n igfdjg jdslkg gkdsj klfdsjgjdsg g kdslfgjkfdsgj klgk lsjkgd \r\n',1),(14,'3782531955b634e6ac6d7b0.47994861.png','Novo Teste2','2018-08-02 15:33:14','I','Teste2','Dasfadksjfldsjfsda\r\nf\r\ndsafsdafjaslkdfjsdjgldsgjds\r\ng\r\nfdgjsdlkgfdjgdsfjgjdsfg',1),(15,'463582805b634e841b4ed6.74097297.png','Novo Teste2','2018-08-02 15:33:40','I','Teste2','Dasfadksjfldsjfsda\r\nf\r\ndsafsdafjaslkdfjsdjgldsgjds\r\ng\r\nfdgjsdlkgfdjgdsfjgjdsfg',1),(16,'12290335205b88c3fa856725.48025053.png','Teste','2018-08-31 01:28:42','I','Dasldkaçls','Dsadasdasdasdasdasdasd',1),(17,'7943888895bba1ef36d2190.51603260.png','Teste242424','2018-09-01 00:09:09','I','Pulitikas23sdsdsdasd','132123123123123123123123123123123  543534534534',1),(18,'21207247915ba2a5dd310e28.30727605.png','Fora Dilma','2018-09-19 16:39:09','A','Política','Em linguística, a noção de texto é ampla e ainda aberta a uma definição mais precisa. Grosso modo, pode ser entendido como manifestação linguística das ideias de um autor, que serão interpretadas pelo leitor de acordo com seus conhecimentos linguísticos e culturais. Seu tamanho é variável.\r\n\r\n“Conjunto de palavras e frases articuladas, escritas sobre qualquer suporte”[1].\r\n\r\n“Obra escrita considerada na sua redação original e autêntica (por oposição a sumário, tradução, notas, comentários, etc.)”[2].\r\n\r\n&#34;Um texto é uma ocorrência linguística, escrita ou falada de qualquer extensão, dotada de unidade sociocomunicativa, semântica e formal. É uma unidade de linguagem em uso.&#34;[3]\r\n\r\nO interesse pelo texto como objeto de estudo gerou vários trabalhos importantes de teóricos da Linguística Textual, que percorreram fases diversas cujas características principais eram transpor os limites da frase descontextualizada da gramática tradicional e ainda incluir os relevantes papéis do autor e do leitor na construção de textos.\r\n\r\nUm texto pode ser escrito ou oral e, em sentido lato, pode ser também não verbal.\r\n\r\nTexto crítico é uma produção textual que parte de um processo reflexivo e analítico gerando um conteúdo com crítica construtiva e bem fundamentada.\r\n\r\nEm artes gráficas, o texto é a parte verbal, linguística, por oposição às ilustrações.\r\n\r\nTodo texto tem que ter alguns aspectos formais, ou seja, tem que ter estrutura, elementos que estabelecem relação entre si. Dentro dos aspectos formais temos a coesão e a coerência, que dão sentido e forma ao texto. &#34;A coesão textual é a relação, a ligação, a conexão entre as palavras, expressões ou frases do texto”[4]. A coerência está relacionada com a compreensão, a interpretação do que se diz ou escreve. Um texto precisa ter sentido, isto é, precisa ter coerência. Embora a coesão não seja condição suficiente para que enunciados se constituam em textos, são os elementos coesivos que lhes dão maior legibilidade e evidenciam as relações entre seus diversos componentes, a coerência depende da coesão.',2),(19,'12370742195baa9060ce6cf6.69526812.png','Afdasdas','2018-09-25 16:45:36','I','Dasdasdasdas','Dsadasdasdasdasdas',2),(20,'16659360585baa90e8b78100.72764258.png','Dasdas','2018-09-25 16:47:52','I','Asdasdasd','Sfdfsdfsdfsdfsdfsdf',2),(21,'11561317515baa99d7d69973.63749380.png','Dasdasd','2018-09-25 17:25:59','I','Asdasdasd','Gdfgdfgdfgdfgdfgdf',2),(22,'7780533005bb0eb9bcbb587.93177532.jpg','Dasdasdas','2018-09-30 12:28:27','I','Ddsadasdas','Dasdasdasdasd',2),(23,'792750255bb7cb149aa847.35327212.jpg','Dasdasd2332232332232','2018-09-30 12:38:06','I','Asdasdasds','Dasdadsadasdsa                                                        ',2),(24,'4845122005bb8ffaca9e7b1.68337688.jpg','Teste do corte','2018-10-06 15:32:12','I','13','Fdsgfsd gdfg dfghdhgf  hfgh ',2),(25,'17057720755bbf9476356b8269469421.png','Dasd','2018-10-11 15:20:38','I','Asdasd','Asdasdasdasd',1),(26,'14369100695bbf99b290026394544108.png','Dsadasds','2018-10-11 15:42:58','I','Asdasdasdasdasd','Dasdasdasdasdasdasdasdasdasd',1),(27,'19738145785bbfa12242277973742070.png','Dasdasd','2018-10-11 16:14:42','I','Dasdasd','Dasdasdasdasdsadasdasdasdasd',1),(28,'5758504335bc0d617e3198398356415.png','Dasd','2018-10-12 14:12:55','I','Asdasdasdas','Dasdsadasdasdas',1),(29,'5076821735bf8b5af40a4e432783819.png','Dasdasdasd','2018-10-13 16:32:31','I','Adsasdasdasdsd345','Fsdfsdfsdfsdfsdfsdfsdfsdfsdfsdsfd',2),(30,'5724359465bc8d7f250c93713689602.png','','2018-10-18 15:58:58','I','','',1),(31,'14094254665bfc05e085417554611577.png','AsTeste Rolagemasas12','2018-10-24 15:46:05','I','Fdsafsdfsdfs12','Gdfgdfgdgfdgfdgdfg',1),(32,'14245360565c02ba850665f008992332.png','TEste 123','2018-12-01 14:44:53','A','Fdasdfsdfsd','Hfghfghfghfghfghfghfgh',201),(33,'556346115c35719f728c5386411669.png','As','2019-01-09 01:59:27','I','As','Ds                            12',203),(34,'11312374995c364bd1da6a9770594652.png','S','2019-01-09 17:30:25','I','As','Dasdasdasd                            s',204),(35,'11839138405c364e62bc996328538784.png','Sss1','2019-01-09 17:31:30','I','Ss','Dasdasdasd                            dsad43',204),(36,'20967058035c3796cad3ff9915018332.png','S','2019-01-10 17:02:34','I','D','Fsdfsd',204),(37,'8346541645c3796ea877ed834000924.png','Dasd','2019-01-10 17:03:06','I','Asdasd','Gdfgdfg',204),(38,'16567302575c37976980a2c722396580.png','Sd','2019-01-10 17:05:13','I','Sd','Fsdfsd',204),(39,'10617200115c37978d9a214308126417.png','Ds','2019-01-10 17:05:49','I','Sd','Fsdfsdf',204),(40,'14582981875c3797b166514260144062.png','Sd','2019-01-10 17:06:25','I','Sd','Gdfgdfg',204),(41,'13154633955c3797c331c95182894453.png','S','2019-01-10 17:06:43','I','S','Sdfsdf',204),(42,'18338066085c3798b8683c9152753897.png','A','2019-01-10 17:10:48','I','A','Fsdfsdf',204),(43,'457791765c3a28dc57179722352286.png','Sssd','2019-01-12 15:50:20','I','S','Fsdfsdfsdfsd',204);
/*!40000 ALTER TABLE `debate` ENABLE KEYS */;
UNLOCK TABLES;

--
-- Table structure for table `debate_denun`
--

DROP TABLE IF EXISTS `debate_denun`;
/*!40101 SET @saved_cs_client     = @@character_set_client */;
/*!40101 SET character_set_client = utf8 */;
CREATE TABLE `debate_denun` (
  `cod_denun_deba` int(11) NOT NULL AUTO_INCREMENT,
  `ind_visu_adm_denun_deba` char(1) NOT NULL DEFAULT 'N',
  `status_denun_deba` char(1) NOT NULL DEFAULT 'A',
  `motivo_denun_deba` longtext NOT NULL,
  `dataHora_denun_deba` datetime NOT NULL,
  `cod_usu` int(11) NOT NULL,
  `cod_deba` int(11) NOT NULL,
  PRIMARY KEY (`cod_denun_deba`),
  KEY `fk_Denuncia_debate_Usuario1_idx` (`cod_usu`),
  KEY `fk_Denuncia_debate_Debate1_idx` (`cod_deba`),
  CONSTRAINT `fk_Denuncia_debate_Debate1` FOREIGN KEY (`cod_deba`) REFERENCES `debate` (`cod_deba`) ON DELETE NO ACTION ON UPDATE NO ACTION,
  CONSTRAINT `fk_Denuncia_debate_Usuario1` FOREIGN KEY (`cod_usu`) REFERENCES `usuario` (`cod_usu`) ON DELETE NO ACTION ON UPDATE NO ACTION
) ENGINE=InnoDB AUTO_INCREMENT=42 DEFAULT CHARSET=latin1;
/*!40101 SET character_set_client = @saved_cs_client */;

--
-- Dumping data for table `debate_denun`
--

LOCK TABLES `debate_denun` WRITE;
/*!40000 ALTER TABLE `debate_denun` DISABLE KEYS */;
INSERT INTO `debate_denun` VALUES (1,'N','I','vaca\r\n','2018-08-04 18:22:06',1,6),(2,'N','I','TEste 24\r\n','2018-08-06 15:05:19',3,14),(3,'V','I','Quero denunciar esta poha, sou a prefeitura','2018-08-06 16:05:18',3,9),(4,'V','I','Novamente vou denunciar esta parada\r\n','2018-08-06 16:06:15',3,7),(5,'V','I','quero denunciar esta poha','2018-09-20 01:06:49',125,18),(6,'V','A','Quero daskljdhasjkldhkj asjdlik jasd\r\nsfedg\r\n dfgdf \r\n\r\ngdfg\r\nd\r\ndfg\r\ndfgdf','2018-09-21 16:33:41',2,1),(7,'V','I','Não gostei, achei ofensivo\r\n','2018-09-21 16:41:23',2,2),(8,'V','A','dasdas','2018-09-22 01:18:37',4,16),(9,'V','A','dasa','2018-09-22 01:34:57',3,16),(10,'V','I','dasdas','2018-09-22 01:41:16',3,17),(11,'V','I','dsadasd','2018-09-22 01:42:54',3,15),(12,'V','I','dasdasd','2018-09-22 01:46:21',1,18),(13,'N','I','123123123123','2018-10-05 18:13:23',1,23),(14,'N','I','32443243243209584390890634869546908456890558589054690890546905854444444444444444444','2018-10-05 18:15:17',1,23),(15,'V','I','quero denunciar\r\n','2018-10-06 12:14:16',2,17),(16,'V','A','dsadasdasdasd','2018-10-06 15:02:21',1,23),(17,'V','A','qjhdksajhdkjashkjdasdas','2018-10-06 16:37:00',2,8),(18,'V','I','fdsfsdfsdf','2018-10-06 18:05:04',2,16),(19,'N','I','13123123','2018-10-06 18:05:23',2,14),(20,'V','A','dasdasdasdasdasdasdasdadsdas','2018-10-13 16:37:07',1,29),(21,'V','I','ghfghfhgfghfghfghffgfhgfghfghffhg','2018-10-21 23:43:41',1,24),(22,'N','I','dasdasdasdasdasd','2018-10-23 01:59:05',1,22),(23,'N','I','123','2018-10-28 17:08:33',2,25),(24,'N','I','123456','2018-10-28 17:08:50',2,25),(25,'N','I','1243','2018-10-28 17:26:56',2,15),(26,'N','I','12354','2018-10-28 17:27:09',2,16),(27,'N','I','teste deba[]\n','2018-10-28 17:40:35',2,31),(28,'N','I','dsaasdas','2018-10-28 17:40:54',2,31),(29,'V','I','dasdsa','2018-10-28 17:44:21',2,31),(30,'N','A','Quero denuncar debar1','2018-10-30 21:56:21',1,19),(31,'V','I','Quero denunci2','2018-10-30 21:56:33',1,18),(32,'V','I','Quero denunciar 3','2018-10-30 21:56:45',1,6),(33,'N','A','as','2019-01-09 02:31:44',203,32),(34,'V','A','a','2019-01-09 18:07:50',204,33),(35,'N','A','qwe','2019-01-09 18:37:25',204,31),(36,'N','A','sd','2019-01-10 16:41:31',204,17),(37,'N','A','s','2019-01-10 16:57:12',204,32),(38,'V','A','s','2019-01-10 16:59:01',204,16),(39,'N','A','fsdfsdfsd','2019-01-10 16:59:16',204,15),(40,'V','A','a','2019-01-10 17:10:27',204,14),(41,'V','I','sd','2019-01-12 15:51:49',206,43);
/*!40000 ALTER TABLE `debate_denun` ENABLE KEYS */;
UNLOCK TABLES;

--
-- Table structure for table `debate_participante`
--

DROP TABLE IF EXISTS `debate_participante`;
/*!40101 SET @saved_cs_client     = @@character_set_client */;
/*!40101 SET character_set_client = utf8 */;
CREATE TABLE `debate_participante` (
  `cod_deba` int(11) NOT NULL,
  `cod_usu` int(11) NOT NULL,
  `data_inicio_lista` datetime NOT NULL,
  `data_fim_lista` datetime DEFAULT NULL,
  `ind_visu_criador` char(1) NOT NULL DEFAULT 'N',
  `status_lista` char(1) NOT NULL DEFAULT 'A',
  PRIMARY KEY (`cod_deba`,`cod_usu`,`data_inicio_lista`),
  KEY `fk_Participantes_debate_Debate1_idx` (`cod_deba`),
  KEY `fk_Participantes_debate_Usuario1_idx` (`cod_usu`),
  CONSTRAINT `fk_Participantes_debate_Debate1` FOREIGN KEY (`cod_deba`) REFERENCES `debate` (`cod_deba`) ON DELETE NO ACTION ON UPDATE NO ACTION,
  CONSTRAINT `fk_Participantes_debate_Usuario1` FOREIGN KEY (`cod_usu`) REFERENCES `usuario` (`cod_usu`) ON DELETE NO ACTION ON UPDATE NO ACTION
) ENGINE=InnoDB DEFAULT CHARSET=latin1;
/*!40101 SET character_set_client = @saved_cs_client */;

--
-- Dumping data for table `debate_participante`
--

LOCK TABLES `debate_participante` WRITE;
/*!40000 ALTER TABLE `debate_participante` DISABLE KEYS */;
INSERT INTO `debate_participante` VALUES (1,1,'2018-07-28 17:11:12',NULL,'I','A'),(1,2,'2018-09-26 14:57:21',NULL,'N','I'),(1,95,'2018-07-28 17:11:12',NULL,'N','I'),(2,1,'2018-07-28 17:11:12',NULL,'N','A'),(2,2,'2018-09-25 17:25:30',NULL,'N','I'),(2,95,'2018-09-25 16:47:52',NULL,'I','A'),(6,2,'2018-07-30 17:08:25',NULL,'I','A'),(7,1,'2018-08-02 15:20:41',NULL,'I','A'),(7,2,'2018-09-26 13:30:39',NULL,'N','I'),(8,1,'2018-08-02 15:26:44',NULL,'I','A'),(9,1,'2018-08-02 15:26:48',NULL,'I','A'),(14,1,'2018-08-02 15:33:14',NULL,'I','A'),(14,2,'2018-09-25 17:29:27',NULL,'N','A'),(14,132,'2018-10-14 14:02:44',NULL,'N','A'),(15,1,'2018-08-02 15:33:40',NULL,'I','A'),(15,2,'2018-11-07 15:16:38',NULL,'N','A'),(16,1,'2018-08-31 01:28:42',NULL,'I','A'),(16,2,'2018-09-25 16:36:24',NULL,'N','A'),(17,1,'2018-09-01 00:09:09',NULL,'I','A'),(17,2,'2018-09-26 15:14:32',NULL,'N','A'),(17,95,'2018-09-28 15:42:07',NULL,'N','I'),(18,1,'2018-09-25 16:32:38',NULL,'N','A'),(18,2,'2018-09-19 16:39:09',NULL,'I','A'),(18,221,'2019-04-11 00:16:02',NULL,'N','A'),(18,222,'2019-04-11 00:16:05',NULL,'N','A'),(19,1,'2018-10-30 22:52:29',NULL,'N','B'),(19,2,'2018-09-25 16:45:36',NULL,'I','A'),(20,1,'2018-09-29 01:05:10',NULL,'N','I'),(20,2,'2018-09-25 16:47:52',NULL,'I','A'),(22,2,'2018-09-30 12:28:27',NULL,'I','A'),(23,1,'2018-09-30 13:06:16',NULL,'N','A'),(23,2,'2018-09-30 12:38:06',NULL,'I','A'),(24,1,'2018-10-06 19:21:43',NULL,'N','I'),(24,2,'2018-10-06 15:32:12',NULL,'I','A'),(25,1,'2018-10-11 15:20:38',NULL,'I','A'),(25,2,'2018-10-12 12:19:30',NULL,'N','A'),(26,1,'2018-10-11 15:42:58',NULL,'I','A'),(26,2,'2018-10-11 15:58:20',NULL,'N','A'),(27,1,'2018-10-11 16:14:42',NULL,'I','A'),(27,2,'2018-10-12 12:19:14',NULL,'N','A'),(28,1,'2018-10-12 14:12:56',NULL,'I','A'),(28,2,'2018-10-13 17:33:48',NULL,'N','A'),(29,1,'2018-10-13 16:35:18',NULL,'N','A'),(29,2,'2018-10-13 16:32:31',NULL,'I','A'),(30,1,'2018-10-18 15:58:58',NULL,'I','A'),(31,1,'2018-10-24 15:46:05',NULL,'I','A'),(31,2,'2018-10-24 15:46:17',NULL,'N','A'),(31,200,'2018-11-26 12:53:59',NULL,'N','B'),(31,201,'2018-12-01 14:48:16',NULL,'N','A'),(31,203,'2019-01-09 03:13:58',NULL,'N','A'),(31,204,'2019-01-10 17:18:07',NULL,'N','A'),(32,1,'2018-12-01 14:45:15',NULL,'N','B'),(32,2,'2018-12-03 20:30:37',NULL,'N','A'),(32,201,'2018-12-01 14:44:53',NULL,'I','A'),(32,204,'2019-01-12 19:32:30',NULL,'N','B'),(33,1,'2019-01-12 17:56:34',NULL,'N','A'),(33,203,'2019-01-09 01:59:27',NULL,'I','A'),(33,204,'2019-01-12 17:53:13',NULL,'N','A'),(34,204,'2019-01-09 17:30:25',NULL,'I','A'),(35,204,'2019-01-09 17:31:30',NULL,'I','A'),(36,204,'2019-01-10 17:02:34',NULL,'I','A'),(37,204,'2019-01-10 17:03:06',NULL,'I','A'),(38,204,'2019-01-10 17:05:13',NULL,'I','A'),(39,204,'2019-01-10 17:05:49',NULL,'I','A'),(40,204,'2019-01-10 17:06:25',NULL,'I','A'),(41,204,'2019-01-10 17:06:43',NULL,'I','A'),(42,204,'2019-01-10 17:10:48',NULL,'I','A'),(43,1,'2019-01-12 18:22:46',NULL,'N','A'),(43,204,'2019-01-12 15:50:20',NULL,'I','A');
/*!40000 ALTER TABLE `debate_participante` ENABLE KEYS */;
UNLOCK TABLES;

--
-- Table structure for table `logradouro`
--

DROP TABLE IF EXISTS `logradouro`;
/*!40101 SET @saved_cs_client     = @@character_set_client */;
/*!40101 SET character_set_client = utf8 */;
CREATE TABLE `logradouro` (
  `cep_logra` varchar(8) NOT NULL,
  `endere_logra` varchar(60) NOT NULL,
  `cod_bai` int(11) NOT NULL,
  PRIMARY KEY (`cep_logra`),
  KEY `fk_Endereco_Bairro1_idx` (`cod_bai`),
  CONSTRAINT `fk_Endereco_Bairro1` FOREIGN KEY (`cod_bai`) REFERENCES `bairro` (`cod_bai`) ON DELETE NO ACTION ON UPDATE NO ACTION
) ENGINE=InnoDB DEFAULT CHARSET=latin1;
/*!40101 SET character_set_client = @saved_cs_client */;

--
-- Dumping data for table `logradouro`
--

LOCK TABLES `logradouro` WRITE;
/*!40000 ALTER TABLE `logradouro` DISABLE KEYS */;
INSERT INTO `logradouro` VALUES ('01313000','Rua Nove de Julho',5),('01407000','Avenida 14 de Juhlo',3),('06401-16','Avenida Henriqueta Mendes Guerra',12),('06401120','Rua Professor João da Mata e Luz',19),('06411-33','Rua Ângela Mirella',11),('06414000','Rua Marte',13),('06415080','Rua de ITB do Engenho Novo',16),('06420-15','Rua Grupo Bandeirante',2),('06420150','Avenida Grupo Bandeirantes',2),('06436340','...',14),('06444000','Estrada Velha de Itapevi',18),('06462040','Rua Tomé de Souza',15),('06463260','Rua Abelardo Luz',17),('06515045','Rua das Mangueiras',5),('12','Rua da Jaca',1),('123','Rua da Uva',1),('1234567','Rua das Mangueiras',5),('1478','Rua do funk',6),('17670-00','Avenida Fudeu agora',8),('24120196','Rua daklsjd',9),('45','Rua do Gol',2),('456','Rua do Camario',2),('78','Rua do Brasil',3),('789','Rua da Dinamarca',3),('897564','Rua do crai',7);
/*!40000 ALTER TABLE `logradouro` ENABLE KEYS */;
UNLOCK TABLES;

--
-- Table structure for table `mensagem`
--

DROP TABLE IF EXISTS `mensagem`;
/*!40101 SET @saved_cs_client     = @@character_set_client */;
/*!40101 SET character_set_client = utf8 */;
CREATE TABLE `mensagem` (
  `cod_mensa` int(11) NOT NULL AUTO_INCREMENT,
  `texto_mensa` longtext NOT NULL,
  `status_mensa` char(1) NOT NULL DEFAULT 'A',
  `dataHora_mensa` datetime NOT NULL,
  `cod_usu` int(11) NOT NULL,
  `cod_deba` int(11) NOT NULL,
  PRIMARY KEY (`cod_mensa`),
  KEY `fk_Mensagem_Usuario1_idx` (`cod_usu`),
  KEY `fk_Mensagem_Debate1_idx` (`cod_deba`),
  CONSTRAINT `fk_Mensagem_Debate1` FOREIGN KEY (`cod_deba`) REFERENCES `debate` (`cod_deba`) ON DELETE NO ACTION ON UPDATE NO ACTION,
  CONSTRAINT `fk_Mensagem_Usuario1` FOREIGN KEY (`cod_usu`) REFERENCES `usuario` (`cod_usu`) ON DELETE NO ACTION ON UPDATE NO ACTION
) ENGINE=InnoDB AUTO_INCREMENT=1521 DEFAULT CHARSET=latin1;
/*!40101 SET character_set_client = @saved_cs_client */;

--
-- Dumping data for table `mensagem`
--

LOCK TABLES `mensagem` WRITE;
/*!40000 ALTER TABLE `mensagem` DISABLE KEYS */;
INSERT INTO `mensagem` VALUES (213,'Primeira mensagem do dia','A','2018-09-30 12:25:05',126,14),(214,'Dasdasdas1','A','2018-09-30 12:25:05',1,14),(215,'Dasdasd2','A','2018-09-30 12:25:11',1,14),(216,'Maria Homem saiu do debate','A','2018-09-30 12:26:16',126,14),(217,'Primeira mensagem do dia','A','2018-09-30 12:26:26',126,7),(218,'Maria Homem saiu do debate','A','2018-09-30 12:26:26',126,7),(219,'Primeira mensagem do dia','A','2018-09-30 12:26:35',126,16),(220,'Maria Homem saiu do debate','A','2018-09-30 12:26:35',126,16),(221,'Primeira mensagem do dia','A','2018-09-30 12:26:41',126,17),(222,'Maria Homem saiu do debate','A','2018-09-30 12:26:41',126,17),(223,'Maria Homem entrou no debate','A','2018-09-30 12:26:44',126,17),(224,'Primeira mensagem do dia','A','2018-09-30 12:26:50',126,2),(225,'Maria Homem saiu do debate','A','2018-09-30 12:26:50',126,2),(226,'Maria Homem entrou no debate','A','2018-09-30 12:27:00',126,16),(227,'Maria Homem saiu do debate','A','2018-09-30 12:27:08',126,17),(228,'Maria Homem saiu do debate','A','2018-09-30 12:27:14',126,16),(229,'Maria Homem entrou no debate','A','2018-09-30 12:29:11',126,17),(230,'Maria Homem entrou no debate','A','2018-09-30 12:29:16',126,16),(231,'Maria Homem entrou no debate','A','2018-09-30 12:36:18',126,14),(232,'Primeira mensagem do dia','A','2018-09-30 12:38:06',126,23),(233,'Maria Homem criou o debate','A','2018-09-30 12:38:07',126,23),(234,'Dsadasdasdd','A','2018-09-30 12:39:09',1,17),(235,'Dsadasd','A','2018-09-30 12:47:11',1,17),(236,'Dasdasdasd','A','2018-09-30 12:59:36',1,16),(237,'Dasdasdsdd','A','2018-09-30 12:59:48',1,16),(238,'Dasdasdasd','A','2018-09-30 13:04:50',1,16),(239,'Dasdasd','A','2018-09-30 13:05:03',1,16),(240,'Dasdasdsd','A','2018-09-30 13:05:18',1,17),(241,'Dasdasdsd3','A','2018-09-30 13:05:42',1,14),(242,'Dasdasd4','A','2018-09-30 13:05:53',1,14),(243,'Dasdasd5','A','2018-09-30 13:05:56',1,14),(244,'Dasdadasd6','A','2018-09-30 13:05:59',1,14),(245,'Aldo Churros entrou no debate','A','2018-09-30 13:06:16',126,23),(246,'Dasdasdds','A','2018-09-30 13:08:15',1,23),(247,'Dasdasdasdasdasd','A','2018-09-30 13:08:31',1,16),(248,'Dsadasdasdasd','A','2018-09-30 13:10:20',1,17),(249,'Primeira mensagem do dia','A','2018-10-05 09:37:41',126,23),(250,'Dasdasdasd','A','2018-10-05 09:37:41',1,23),(251,'Dasdasdasd','A','2018-10-05 09:37:43',1,23),(252,'Dasdasdasdasdsd','A','2018-10-05 10:36:38',1,23),(253,'Dsadasdasdasd','A','2018-10-05 10:36:41',1,23),(254,'Dasdasdasdasdasd','A','2018-10-05 10:38:23',1,23),(255,'Dasdasdasd','A','2018-10-05 10:39:13',1,23),(256,'Dasdasdasd','A','2018-10-05 11:18:11',1,23),(257,'Primeira mensagem do dia','A','2018-10-05 11:19:32',126,17),(258,'1','A','2018-10-05 11:19:32',1,17),(259,'2','A','2018-10-05 11:19:36',1,17),(260,'3','A','2018-10-05 11:19:40',1,17),(261,'4','A','2018-10-05 11:19:42',1,17),(262,'5','A','2018-10-05 11:19:44',1,17),(263,'6','A','2018-10-05 11:19:45',1,17),(264,'7','A','2018-10-05 11:19:47',1,17),(265,'8','A','2018-10-05 11:19:48',1,17),(266,'9','A','2018-10-05 11:19:49',1,17),(267,'10','A','2018-10-05 11:19:51',1,17),(268,'11','A','2018-10-05 11:19:52',1,17),(269,'12','A','2018-10-05 11:19:54',1,17),(270,'13','A','2018-10-05 11:19:55',1,17),(271,'14','A','2018-10-05 11:19:57',1,17),(272,'15','A','2018-10-05 11:19:58',1,17),(273,'16','A','2018-10-05 11:20:00',1,17),(274,'17','A','2018-10-05 11:20:03',1,17),(275,'','A','2018-10-05 11:20:04',1,17),(276,'18','A','2018-10-05 11:20:07',1,17),(277,'19','A','2018-10-05 11:20:09',1,17),(278,'20','A','2018-10-05 11:20:11',1,17),(279,'21','A','2018-10-05 11:20:12',1,17),(280,'22','A','2018-10-05 11:20:14',1,17),(281,'','A','2018-10-05 11:20:16',1,17),(282,'','A','2018-10-05 11:20:16',1,17),(283,'23','A','2018-10-05 11:20:20',1,17),(284,'24','A','2018-10-05 11:20:23',1,17),(285,'25','A','2018-10-05 11:47:00',1,17),(286,'Primeira mensagem do dia','A','2018-10-06 12:28:15',126,17),(287,'Asdasdas','A','2018-10-06 12:28:16',1,17),(288,'Dasdsadasd','A','2018-10-06 12:35:13',1,17),(289,'Maria Homem saiu do debate','A','2018-10-06 12:42:24',126,17),(290,'Maria Homem entrou no debate','A','2018-10-06 12:42:46',126,17),(291,'Primeira mensagem do dia','A','2018-10-06 12:47:03',126,15),(292,'12312312','A','2018-10-06 12:47:03',1,15),(293,'Primeira mensagem do dia','A','2018-10-06 12:47:37',126,14),(294,'Daasdasdasd','A','2018-10-06 12:47:37',1,14),(295,'Primeira mensagem do dia','A','2018-10-06 12:50:54',126,23),(296,'Fasdasdasda','A','2018-10-06 12:50:54',2,23),(297,'Primeira mensagem do dia','A','2018-10-06 15:32:12',126,24),(298,'Maria Homem criou o debate','A','2018-10-06 15:32:13',126,24),(299,'Dsadasdasd','A','2018-10-06 19:21:16',2,23),(300,'Aldo Churros entrou no debate','A','2018-10-06 19:21:44',126,24),(301,'Dsadasdasdasdasdas','A','2018-10-06 19:22:17',1,14),(302,'Dasdasd','A','2018-10-06 19:27:16',2,17),(303,'Primeira mensagem do dia','A','2018-10-11 15:20:38',126,25),(304,'Aldo Churross criou o debate','A','2018-10-11 15:20:38',126,25),(305,'Primeira mensagem do dia','A','2018-10-11 15:42:58',126,26),(306,'Aldo Churross criou o debate','A','2018-10-11 15:42:58',126,26),(307,'Maria Homem entrou no debate','A','2018-10-11 15:58:20',126,26),(308,'1','A','2018-10-11 15:58:27',2,26),(309,'2','A','2018-10-11 15:58:30',2,26),(310,'3','A','2018-10-11 15:58:32',2,26),(311,'4','A','2018-10-11 15:58:33',2,26),(312,'5','A','2018-10-11 15:58:34',2,26),(313,'6','A','2018-10-11 15:58:35',2,26),(314,'7','A','2018-10-11 15:58:36',2,26),(315,'8','A','2018-10-11 15:58:38',2,26),(316,'9','A','2018-10-11 15:58:39',2,26),(317,'10','A','2018-10-11 15:58:40',2,26),(318,'12','A','2018-10-11 15:58:42',2,26),(319,'13','A','2018-10-11 15:58:45',2,26),(320,'14','A','2018-10-11 15:58:46',2,26),(321,'15','A','2018-10-11 15:58:47',2,26),(322,'15','A','2018-10-11 15:58:48',2,26),(323,'16','A','2018-10-11 15:58:50',2,26),(324,'17','A','2018-10-11 15:58:52',2,26),(325,'18','A','2018-10-11 15:58:53',2,26),(326,'19','A','2018-10-11 15:58:55',2,26),(327,'20','A','2018-10-11 15:58:57',2,26),(328,'21','A','2018-10-11 15:58:58',2,26),(329,'22','A','2018-10-11 15:59:00',2,26),(330,'23','A','2018-10-11 15:59:02',2,26),(331,'34','A','2018-10-11 15:59:03',2,26),(332,'356','A','2018-10-11 15:59:04',2,26),(333,'Dsadasdasd','A','2018-10-11 16:07:42',2,26),(334,'Primeira mensagem do dia','A','2018-10-11 16:08:05',126,24),(335,'Dasdasdasdasd','A','2018-10-11 16:08:05',2,24),(336,'Dsadasdas','A','2018-10-11 16:09:00',2,24),(337,'Dsadasdadsasd','A','2018-10-11 16:09:58',2,26),(338,'Dasdasdasd','A','2018-10-11 16:10:09',2,26),(339,'Dsadasdasd','A','2018-10-11 16:10:30',2,26),(340,'Dasdasdasd','A','2018-10-11 16:10:33',2,26),(341,'Dasdasd','A','2018-10-11 16:10:42',2,26),(342,'Dasdasdasdasdasdasdadasdasdasdasd','A','2018-10-11 16:10:48',2,26),(343,'1','A','2018-10-11 16:11:02',2,26),(344,'2','A','2018-10-11 16:11:03',2,26),(345,'3','A','2018-10-11 16:11:04',2,26),(346,'12','A','2018-10-11 16:11:06',2,26),(347,'312','A','2018-10-11 16:11:07',2,26),(348,'13','A','2018-10-11 16:11:09',2,26),(349,'12','A','2018-10-11 16:11:10',2,26),(350,'12','A','2018-10-11 16:11:11',2,26),(351,'12','A','2018-10-11 16:11:13',2,26),(352,'321','A','2018-10-11 16:11:14',2,26),(353,'321','A','2018-10-11 16:11:16',2,26),(354,'123123123','A','2018-10-11 16:11:18',2,26),(355,'31231','A','2018-10-11 16:11:19',2,26),(356,'31231','A','2018-10-11 16:11:21',2,26),(357,'312312','A','2018-10-11 16:11:22',2,26),(358,'534534','A','2018-10-11 16:11:24',2,26),(359,'7567','A','2018-10-11 16:11:25',2,26),(360,'43242','A','2018-10-11 16:11:27',2,26),(361,'2342','A','2018-10-11 16:11:28',2,26),(362,'1231','A','2018-10-11 16:11:29',2,26),(363,'7567','A','2018-10-11 16:11:32',2,26),(364,'765756','A','2018-10-11 16:11:36',2,26),(365,'32','A','2018-10-11 16:12:01',2,26),(366,'Primeira mensagem do dia','A','2018-10-11 16:14:42',126,27),(367,'Aldo Churross criou o debate','A','2018-10-11 16:14:42',126,27),(368,'Maria Homem saiu do debate','A','2018-10-11 16:26:22',126,26),(369,'Maria Homem entrou no debate','A','2018-10-11 16:26:26',126,26),(370,'Primeira mensagem do dia','A','2018-10-12 12:16:47',126,26),(371,'O dono do debate removeu Maria Homem','A','2018-10-12 12:16:47',126,26),(372,'Primeira mensagem do dia','A','2018-10-12 12:17:20',126,1),(373,'O dono do debate removeu Dada','A','2018-10-12 12:17:20',126,1),(374,'Primeira mensagem do dia','A','2018-10-12 12:17:49',126,24),(375,'Aldo Churross saiu do debate','A','2018-10-12 12:17:49',126,24),(376,'Maria Homem entrou no debate','A','2018-10-12 12:18:47',126,26),(377,'Primeira mensagem do dia','A','2018-10-12 12:19:14',126,27),(378,'Maria Homem entrou no debate','A','2018-10-12 12:19:14',126,27),(379,'Primeira mensagem do dia','A','2018-10-12 12:19:31',126,25),(380,'Maria Homem entrou no debate','A','2018-10-12 12:19:31',126,25),(381,'O dono do debate removeu Maria Homem','A','2018-10-12 12:20:05',126,26),(382,'O dono do debate removeu Maria Homem','A','2018-10-12 12:21:44',126,25),(383,'Primeira mensagem do dia','A','2018-10-12 12:23:20',126,17),(384,'O dono do debate removeu Maria Homem','A','2018-10-12 12:23:20',126,17),(385,'A administração removeu Maria Homem','A','2018-10-12 12:24:42',126,27),(386,'Maria Homem entrou no debate','A','2018-10-12 12:43:17',126,26),(387,'O dono do debate removeu Maria Homem','A','2018-10-12 12:44:13',126,26),(388,'Maria Homem entrou no debate','A','2018-10-12 12:45:32',126,25),(389,'Maria Homem entrou no debate','A','2018-10-12 12:56:15',126,27),(390,'Maria Homem entrou no debate','A','2018-10-12 12:57:24',126,17),(391,'O dono do debate removeu Maria Homem','A','2018-10-12 12:57:33',126,17),(392,'Primeira mensagem do dia','A','2018-10-12 13:21:06',126,20),(393,'Aldo Churross saiu do debate','A','2018-10-12 13:21:06',126,20),(394,'Primeira mensagem do dia','A','2018-10-12 13:21:14',126,18),(395,'Aldo Churross saiu do debate','A','2018-10-12 13:21:14',126,18),(396,'Dasdas','A','2018-10-12 19:39:53',1,26),(397,'S','A','2018-10-12 19:40:22',1,26),(398,'13123','A','2018-10-12 19:41:37',1,26),(399,'31312','A','2018-10-12 19:42:16',1,26),(400,'4234234','A','2018-10-12 19:44:05',1,26),(401,'432423','A','2018-10-12 19:44:10',1,26),(402,'4234234','A','2018-10-12 19:44:13',1,26),(403,'6456456','A','2018-10-12 19:44:14',1,26),(404,'S','A','2018-10-12 13:44:33',1,26),(405,'Dsadasd','A','2018-10-12 13:44:35',1,26),(406,'S','A','2018-10-12 19:45:30',1,26),(407,'Dsadasd','A','2018-10-12 19:45:33',1,26),(408,'Dsadasd','A','2018-10-12 19:46:43',1,26),(409,'Dasdasd','A','2018-10-12 13:47:44',1,26),(410,'Dasd','A','2018-10-12 13:48:15',1,26),(411,'1','A','2018-10-12 13:48:21',1,26),(412,'2','A','2018-10-12 13:48:24',1,26),(413,'3','A','2018-10-12 13:48:26',1,26),(414,'3534534534','A','2018-10-12 13:48:29',1,26),(415,'5','A','2018-10-12 13:48:33',1,26),(416,'S','A','2018-10-12 13:48:40',1,27),(417,'4','A','2018-10-12 13:48:45',1,27),(418,'5','A','2018-10-12 13:48:48',1,27),(419,'Dasdasd','A','2018-10-12 20:10:38',1,25),(420,'Dsadasdasd','A','2018-10-12 20:11:07',1,25),(421,'Dasdasd','A','2018-10-12 14:11:36',1,25),(422,'Primeira mensagem do dia','A','2018-10-12 14:11:41',126,23),(423,'321','A','2018-10-12 14:11:41',1,23),(424,'S','A','2018-10-12 14:12:29',1,27),(425,'Primeira mensagem do dia','A','2018-10-12 14:12:56',126,28),(426,'Aldo Churross criou o debate','A','2018-10-12 14:12:56',126,28),(427,'Dsadasdasda','A','2018-10-12 14:13:03',1,28),(428,'Ujtyjjghjghjghj','A','2018-10-12 14:13:10',1,28),(429,'Dasdsadasd','A','2018-10-12 14:14:33',1,28),(430,'Gdfgdfgdfg','A','2018-10-12 14:14:43',1,17),(431,'Primeira mensagem do dia','A','2018-10-12 14:14:54',126,16),(432,'4234234234','A','2018-10-12 14:14:54',1,16),(433,'1','A','2018-10-11 14:16:24',1,16),(434,'Adsasd','A','2018-10-12 14:17:13',1,16),(435,'A administração removeu Aldo Churross','A','2018-10-12 14:46:09',126,23),(436,'A administração removeu Maria Homem','A','2018-10-12 14:47:04',126,23),(437,'A administração removeu Maria Homem','A','2018-10-12 14:52:10',126,23),(438,'A administração removeu Maria Homem','A','2018-10-12 14:53:11',126,27),(439,'Primeira mensagem do dia','A','2018-10-13 16:32:31',126,29),(440,'Maria Homem criou o debate','A','2018-10-13 16:32:31',126,29),(441,'Aldo Churross entrou no debate','A','2018-10-13 16:35:18',126,29),(442,'Dsadasdasdasdasdasdasdasdasddadsdadas','A','2018-10-13 16:39:30',1,29),(443,'Fdsfsdfsdf','A','2018-10-13 16:39:33',1,29),(444,'Primeira mensagem do dia','A','2018-10-13 16:39:38',126,25),(445,'S','A','2018-10-13 16:39:38',1,25),(446,'Dsadasdasdasd','A','2018-10-13 16:41:11',1,25),(447,'Dsadasdasdasd','A','2018-10-13 16:41:52',1,25),(448,'42342','A','2018-10-13 16:42:05',1,29),(449,'Primeira mensagem do dia','A','2018-10-13 16:43:12',126,29),(450,'S','A','2018-10-13 16:43:12',1,29),(451,'Primeira mensagem do dia','A','2018-10-13 16:43:25',126,29),(452,'S','A','2018-10-13 16:43:25',1,29),(453,'S','A','2018-10-13 16:44:08',1,29),(454,'Primeira mensagem do dia','A','2018-10-13 16:44:14',126,16),(455,'Dsdsdsdsd','A','2018-10-13 16:44:14',1,16),(456,'Sdsdsd','A','2018-10-13 16:44:18',1,16),(457,'Dasdasdasd','A','2018-10-13 16:44:20',1,16),(458,'Dasdasdasd','A','2018-10-13 16:44:24',1,16),(459,'Primeira mensagem do dia','A','2018-10-13 16:44:28',126,15),(460,'Dasdasdasdasd','A','2018-10-13 16:44:28',1,15),(461,'Dsadasdasd','A','2018-10-13 16:44:31',1,15),(462,'Dasdasd','A','2018-10-13 16:44:33',1,15),(463,'Sadasd','A','2018-10-13 16:46:03',1,15),(464,'Fdsfsdf','A','2018-10-13 16:46:05',1,15),(465,'Sd','A','2018-10-13 16:46:31',1,15),(466,'Primeira mensagem do dia','A','2018-10-13 16:47:55',126,7),(467,'Dasdasd','A','2018-10-13 16:47:55',1,7),(468,'S','A','2018-10-13 16:47:59',1,7),(469,'Primeira mensagem do dia','A','2018-10-13 17:33:48',126,28),(470,'Maria Homem entrou no debate','A','2018-10-13 17:33:48',126,28),(471,'Primeira mensagem do dia','A','2018-10-13 17:40:51',126,14),(472,'Dsadasdasdasdasdasd','A','2018-10-13 17:40:51',2,14),(473,'1','A','2018-10-13 17:41:41',2,14),(474,'Asdasdasdasdasds','A','2018-10-13 17:42:12',2,14),(475,'Dasdasdasd','A','2018-10-13 17:43:03',2,14),(476,'1','A','2018-10-13 17:43:29',2,28),(477,'2','A','2018-10-13 17:59:16',2,28),(478,'Primeira mensagem do dia','A','2018-10-13 17:59:27',126,22),(479,'Dsadasd','A','2018-10-13 17:59:27',2,22),(480,'Dasdasd','A','2018-10-13 18:07:30',2,22),(481,'Dsadasdasdasd','A','2018-10-13 18:07:47',1,28),(482,'Dsadasdasd','A','2018-10-13 18:07:58',1,28),(483,'Sdfsdfdsfsdfsdf','A','2018-10-13 18:08:14',1,16),(484,'Dasdasdas','A','2018-10-13 18:09:01',1,16),(485,'Dsadas','A','2018-10-13 18:09:10',2,14),(486,'Dsaddsadasd','A','2018-10-13 18:09:23',2,14),(487,'Dasdasd','A','2018-10-13 18:09:25',2,14),(488,'Fsdfds','A','2018-10-13 18:09:26',2,14),(489,'','A','2018-10-13 18:09:28',2,14),(490,'Fsdfsdfsd','A','2018-10-13 18:09:30',2,14),(491,'Primeira mensagem do dia','A','2018-10-14 13:57:32',126,14),(492,'Jaca','A','2018-10-14 13:57:32',2,14),(493,'Tudo bem???','A','2018-10-14 13:57:54',1,14),(494,'Tudo otimo e com vc???','A','2018-10-14 13:58:20',2,14),(495,'Melhor agora','A','2018-10-14 13:58:42',2,14),(496,'Aos seus bracos','A','2018-10-14 13:58:47',2,14),(497,'Quanto tempo ne','A','2018-10-14 13:59:22',2,14),(498,'Sim estou com muitas saudades lindooooo','A','2018-10-14 13:59:37',1,14),(499,'é muito amorrrrr','A','2018-10-14 13:59:52',2,14),(500,'Quando vamos nos encontrar','A','2018-10-14 14:00:08',2,14),(501,'Nao sei, vc é que sabe lindaaaaaa','A','2018-10-14 14:00:30',1,14),(502,'Vamos agora no show do pixote ???','A','2018-10-14 14:00:54',1,14),(503,'Dasdsa entrou no debate','A','2018-10-14 14:02:44',126,14),(504,'Ola','A','2018-10-14 14:03:04',2,14),(505,'Ola','A','2018-10-14 14:03:07',1,14),(506,'Ta mutioooooo bommm','A','2018-10-14 14:03:23',132,14),(507,'Primeira mensagem do dia','A','2018-10-15 12:12:59',126,28),(508,'Adasdasd','A','2018-10-15 12:12:59',2,28),(509,'Dasdasd','A','2018-10-15 12:14:21',1,28),(510,'Dsad','A','2018-10-15 12:15:12',2,28),(511,'S','A','2018-10-15 12:16:22',1,28),(512,'Primeira mensagem do dia','A','2018-10-15 12:17:19',126,14),(513,'S','A','2018-10-15 12:17:19',2,14),(514,'Asd','A','2018-10-15 12:17:33',1,14),(515,'Sdsd','A','2018-10-15 12:17:40',2,14),(516,'1241312312','A','2018-10-15 12:17:50',2,14),(517,'S','A','2018-10-15 12:23:17',1,14),(518,'Primeira mensagem do dia','A','2018-10-15 12:35:03',126,29),(519,'Dsadasdasdasdsadasdasd','A','2018-10-15 12:35:03',2,29),(520,'Dsadasdasd','A','2018-10-15 13:11:10',1,14),(521,'Dsadasdasd','A','2018-10-15 13:14:16',2,29),(522,'Primeira mensagem do dia','A','2018-10-15 13:15:11',126,16),(523,'Cdsad teste 24','A','2018-10-15 13:15:11',2,16),(524,'','A','2018-10-15 13:59:58',1,16),(525,'S','A','2018-10-15 14:00:23',1,16),(526,'Sdad','A','2018-10-15 14:00:40',1,16),(527,'S','A','2018-10-15 14:01:03',1,16),(528,'Sdasd','A','2018-10-15 14:01:10',1,16),(529,'Dasd','A','2018-10-15 14:01:43',1,16),(530,'Dsad','A','2018-10-15 14:02:20',1,16),(531,'23','A','2018-10-15 14:02:25',1,16),(532,'Gdfgd','A','2018-10-15 14:02:28',1,16),(533,'','A','2018-10-15 14:02:29',1,16),(534,'Dasd','A','2018-10-15 14:02:56',2,16),(535,'Dasdasd','A','2018-10-15 14:02:59',2,16),(536,'Fdsf','A','2018-10-15 14:03:03',1,16),(537,'S','A','2018-10-15 14:03:15',2,16),(538,'','A','2018-10-15 14:03:16',2,16),(539,'Dasd','A','2018-10-15 14:03:17',2,16),(540,'Ola tudo bem','A','2018-10-15 14:03:30',1,16),(541,'Dsad','A','2018-10-15 14:03:34',2,16),(542,'O dono do debate removeu Maria Homem','A','2018-10-15 14:34:37',126,16),(543,'Primeira mensagem do dia','A','2018-10-18 15:58:58',126,30),(544,'Aldo Churross criou o debate','A','2018-10-18 15:58:58',126,30),(545,'Primeira mensagem do dia','A','2018-10-24 15:09:29',126,29),(546,'Dasd','A','2018-10-24 15:09:29',1,29),(547,'Dasdasd','A','2018-10-24 15:09:31',1,29),(548,'Dasdasd','A','2018-10-24 15:09:32',1,29),(549,'Dasdasd','A','2018-10-24 15:09:33',1,29),(550,'Fdsfsd','A','2018-10-24 15:09:46',1,29),(551,'Fsdfsdf','A','2018-10-24 15:09:47',1,29),(552,'Dasda','A','2018-10-24 15:10:05',2,29),(553,'Dsadasd','A','2018-10-24 15:10:11',2,29),(554,'Dasdasd','A','2018-10-24 15:10:19',2,29),(555,'Ddasdas','A','2018-10-24 15:10:22',1,29),(556,'Fsdfsdfd','A','2018-10-24 15:10:27',1,29),(557,'Hfghfghgf','A','2018-10-24 15:10:32',1,29),(558,'Dasda','A','2018-10-24 15:11:47',1,29),(559,'Dsadas','A','2018-10-24 15:14:06',1,29),(560,'Dasdsa','A','2018-10-24 15:15:14',1,29),(561,'F','A','2018-10-24 15:15:20',1,29),(562,'Hgjghjghj','A','2018-10-24 15:15:29',1,29),(563,'2','A','2018-10-24 15:15:38',1,29),(564,'S','A','2018-10-24 15:16:00',1,29),(565,'S','A','2018-10-24 15:16:04',1,29),(566,'Jnhgjgh','A','2018-10-24 15:16:08',2,29),(567,'A','A','2018-10-24 15:16:33',2,29),(568,'A','A','2018-10-24 15:17:07',2,29),(569,'Sad','A','2018-10-24 15:17:18',1,29),(570,'Dasdasd','A','2018-10-24 15:17:29',1,29),(571,'A','A','2018-10-24 15:17:55',2,29),(572,'Dasd','A','2018-10-24 15:18:33',2,29),(573,'Gdfgdfgdf','A','2018-10-24 15:18:38',1,29),(574,'F','A','2018-10-24 15:18:47',2,29),(575,'Ghfh','A','2018-10-24 15:18:51',2,29),(576,'Jgjhgj','A','2018-10-24 15:18:58',2,29),(577,'Dasd','A','2018-10-24 15:19:30',2,29),(578,'Dasd','A','2018-10-24 15:19:31',2,29),(579,'Dasdasd','A','2018-10-24 15:19:31',2,29),(580,'Sadasd','A','2018-10-24 15:19:32',2,29),(581,'Asdasd','A','2018-10-24 15:19:33',2,29),(582,'S','A','2018-10-24 15:19:51',1,29),(583,'D','A','2018-10-24 15:39:31',1,29),(584,'Sadasd','A','2018-10-24 15:39:33',1,29),(585,'Asd','A','2018-10-24 15:39:40',2,29),(586,'Dasd','A','2018-10-24 15:39:44',1,29),(587,'123','A','2018-10-24 15:39:47',1,29),(588,'1312312','A','2018-10-24 15:39:50',1,29),(589,'345345','A','2018-10-24 15:39:53',1,29),(590,'','A','2018-10-24 15:39:53',1,29),(591,'Dasd','A','2018-10-24 15:39:57',1,29),(592,'Fsdf','A','2018-10-24 15:40:03',2,29),(593,'Fsdf','A','2018-10-24 15:40:07',2,29),(594,'S','A','2018-10-24 15:40:14',2,29),(595,'Primeira mensagem do dia','A','2018-10-24 15:46:05',126,31),(596,'Aldo Churross criou o debate','A','2018-10-24 15:46:05',126,31),(597,'Maria Homem entrou no debate','A','2018-10-24 15:46:17',126,31),(598,'Dasd','A','2018-10-24 15:46:20',2,31),(599,'1,','A','2018-10-24 15:46:25',2,31),(600,'2','A','2018-10-24 15:46:25',2,31),(601,'3','A','2018-10-24 15:46:26',2,31),(602,'4','A','2018-10-24 15:46:27',2,31),(603,'5','A','2018-10-24 15:46:27',2,31),(604,'6','A','2018-10-24 15:46:28',2,31),(605,'7','A','2018-10-24 15:46:29',2,31),(606,'','A','2018-10-24 15:46:29',2,31),(607,'9','A','2018-10-24 15:46:30',2,31),(608,'10','A','2018-10-24 15:46:31',2,31),(609,'11','A','2018-10-24 15:46:32',2,31),(610,'12','A','2018-10-24 15:46:32',2,31),(611,'13','A','2018-10-24 15:46:33',2,31),(612,'14','A','2018-10-24 15:46:34',2,31),(613,'15','A','2018-10-24 15:46:34',2,31),(614,'16','A','2018-10-24 15:46:35',2,31),(615,'17','A','2018-10-24 15:46:36',2,31),(616,'18','A','2018-10-24 15:46:37',2,31),(617,'19','A','2018-10-24 15:46:38',2,31),(618,'21','A','2018-10-24 15:46:39',2,31),(619,'22','A','2018-10-24 15:46:45',1,31),(620,'23','A','2018-10-24 15:46:46',1,31),(621,'24','A','2018-10-24 15:46:47',1,31),(622,'25','A','2018-10-24 15:46:48',1,31),(623,'26','A','2018-10-24 15:46:48',1,31),(624,'27','A','2018-10-24 15:46:49',1,31),(625,'2','A','2018-10-24 15:46:50',1,31),(626,'29','A','2018-10-24 15:46:51',1,31),(627,'30','A','2018-10-24 15:46:52',1,31),(628,'31','A','2018-10-24 15:46:52',1,31),(629,'32','A','2018-10-24 15:46:53',1,31),(630,'33','A','2018-10-24 15:46:54',1,31),(631,'34','A','2018-10-24 15:46:55',1,31),(632,'35','A','2018-10-24 15:46:55',1,31),(633,'1','A','2018-10-24 16:00:10',2,31),(634,'2','A','2018-10-24 16:00:11',2,31),(635,'3','A','2018-10-24 16:00:12',2,31),(636,'4','A','2018-10-24 16:00:20',2,31),(637,'5','A','2018-10-24 16:00:21',2,31),(638,'66','A','2018-10-24 16:00:24',2,31),(639,'7','A','2018-10-24 16:00:25',2,31),(640,'8','A','2018-10-24 16:00:26',2,31),(641,'9','A','2018-10-24 16:00:27',2,31),(642,'10','A','2018-10-24 16:03:38',2,31),(643,'11','A','2018-10-24 16:03:39',2,31),(644,'12','A','2018-10-24 16:03:42',2,31),(645,'13','A','2018-10-24 16:04:22',2,31),(646,'14','A','2018-10-24 16:04:24',2,31),(647,'Sdadas','A','2018-10-24 16:29:36',2,29),(648,'S','A','2018-10-24 17:09:45',1,31),(649,'Primeira mensagem do dia','A','2018-10-25 16:30:02',126,29),(650,'Gfdgfdg','A','2018-10-25 16:30:02',2,29),(651,'S','A','2018-10-25 16:31:16',2,29),(652,'Fdsfsdf','A','2018-10-25 16:31:31',2,29),(653,'Gdfgdfgdfgfdg','A','2018-10-25 16:31:39',2,29),(654,'Gfdgdfg','A','2018-10-25 16:31:40',2,29),(655,'Gdfgdfg','A','2018-10-25 16:31:40',2,29),(656,'Primeira mensagem do dia','A','2018-10-25 16:35:38',126,31),(657,'Sd','A','2018-10-25 16:35:38',2,31),(658,'Asdsadas','A','2018-10-25 16:36:35',2,31),(659,'Gdfgdfgdfgdfg','A','2018-10-25 16:36:42',2,31),(660,'','A','2018-10-25 16:36:43',2,31),(661,'Dsadsadasd','A','2018-10-25 16:37:29',2,31),(662,'Dsadadsdasd','A','2018-10-25 16:37:43',2,31),(663,'Gfdgdf','A','2018-10-25 16:37:51',2,31),(664,'Gfdgdfg','A','2018-10-25 16:37:52',2,31),(665,'Jghjhgj','A','2018-10-25 16:37:53',2,31),(666,'Ghjghjghj','A','2018-10-25 16:37:54',2,31),(667,'Ghjghjg','A','2018-10-25 16:37:55',2,31),(668,'Dsadsa','A','2018-10-25 16:38:47',2,31),(669,'S','A','2018-10-25 16:40:53',2,31),(670,'S','A','2018-10-25 16:40:58',2,31),(671,'S','A','2018-10-25 16:41:24',2,31),(672,'Dasdsa','A','2018-10-25 16:41:29',2,31),(673,'Dfgfdgfdg','A','2018-10-25 16:41:34',2,31),(674,'Gfdgfd','A','2018-10-25 16:41:35',2,31),(675,'Gfdgdf','A','2018-10-25 16:41:39',2,31),(676,'Jghjghj','A','2018-10-25 16:41:43',2,31),(677,'Khjkjhkjdfhkjdsfhksjdfhkjdshfkjsd','A','2018-10-25 16:41:57',2,31),(678,'Kjghfdkjghdkjhfg','A','2018-10-25 16:41:58',2,31),(679,'Fdlasjdklasjdl','A','2018-10-25 16:41:59',2,31),(680,'Kjhkjh','A','2018-10-25 16:42:11',2,31),(681,'Khjkhj','A','2018-10-25 16:42:12',2,31),(682,'Khjkhjk','A','2018-10-25 16:42:13',2,31),(683,'Hjk','A','2018-10-25 16:42:13',2,31),(684,'Hjk','A','2018-10-25 16:42:13',2,31),(685,'Hjk','A','2018-10-25 16:42:14',2,31),(686,'Hjk','A','2018-10-25 16:42:14',2,31),(687,'Hjkhj','A','2018-10-25 16:42:14',2,31),(688,'Kjh','A','2018-10-25 16:42:15',2,31),(689,'K','A','2018-10-25 16:42:15',2,31),(690,'Hj','A','2018-10-25 16:42:15',2,31),(691,'K','A','2018-10-25 16:42:15',2,31),(692,'Primeira mensagem do dia','A','2018-10-27 16:05:43',126,31),(693,'Dasdsa','A','2018-10-27 16:05:43',2,31),(694,'Dasdas','A','2018-10-27 16:05:44',2,31),(695,'Dsadas','A','2018-10-27 16:05:45',2,31),(696,'Dsad','A','2018-10-27 16:05:45',2,31),(697,'Asdasd','A','2018-10-27 16:05:46',2,31),(698,'Sd','A','2018-10-27 16:06:06',2,31),(699,'S','A','2018-10-27 16:06:13',2,31),(700,'Sd','A','2018-10-27 16:06:24',2,31),(701,'Fghfgh','A','2018-10-27 16:06:30',1,31),(702,'S','A','2018-10-27 16:06:39',1,31),(703,'S','A','2018-10-27 16:06:43',2,31),(704,'Sad','A','2018-10-27 16:27:06',1,31),(705,'Asd','A','2018-10-27 16:27:07',1,31),(706,'Asd','A','2018-10-27 16:27:07',1,31),(707,'Asd','A','2018-10-27 16:27:08',1,31),(708,'Dfgh','A','2018-10-27 16:27:08',1,31),(709,'Fgh','A','2018-10-27 16:27:09',1,31),(710,'Fgh','A','2018-10-27 16:27:10',1,31),(711,'Fgh','A','2018-10-27 16:27:10',1,31),(712,'Fgh','A','2018-10-27 16:27:11',1,31),(713,'S','A','2018-10-27 16:27:44',1,31),(714,'S','A','2018-10-27 16:27:51',2,31),(715,'S','A','2018-10-27 16:27:59',1,31),(716,'Asdas','A','2018-10-27 16:29:01',1,31),(717,'Asdas','A','2018-10-27 16:29:02',1,31),(718,'Asd','A','2018-10-27 16:29:02',1,31),(719,'Asd','A','2018-10-27 16:29:03',1,31),(720,'Asd','A','2018-10-27 16:29:04',1,31),(721,'Asd','A','2018-10-27 16:29:04',1,31),(722,'Primeira mensagem do dia','A','2018-10-27 16:32:21',126,14),(723,'Sadas','A','2018-10-27 16:32:21',2,14),(724,'Asdas','A','2018-10-27 16:32:22',2,14),(725,'Asd','A','2018-10-27 16:32:22',2,14),(726,'Asdas','A','2018-10-27 16:32:23',2,14),(727,'Asd','A','2018-10-27 16:32:23',2,14),(728,'Asd','A','2018-10-27 16:32:24',2,14),(729,'Dasd','A','2018-10-27 16:33:40',2,31),(730,'Asdas','A','2018-10-27 16:33:42',2,31),(731,'Dasda','A','2018-10-27 16:33:43',2,31),(732,'S','A','2018-10-27 16:34:09',2,31),(733,'Teste','A','2018-10-27 16:34:40',2,14),(734,'1','A','2018-10-27 16:34:41',2,14),(735,'2','A','2018-10-27 16:34:41',2,14),(736,'3','A','2018-10-27 16:34:42',2,14),(737,'4','A','2018-10-27 16:34:42',2,14),(738,'5','A','2018-10-27 16:34:43',2,14),(739,'6','A','2018-10-27 16:34:43',2,14),(740,'7','A','2018-10-27 16:34:44',2,14),(741,'8','A','2018-10-27 16:34:44',2,14),(742,'9','A','2018-10-27 16:34:44',2,14),(743,'10','A','2018-10-27 16:34:46',2,14),(744,'1','A','2018-10-27 16:35:26',2,14),(745,'12','A','2018-10-27 16:35:27',2,14),(746,'13','A','2018-10-27 16:35:27',2,14),(747,'14','A','2018-10-27 16:35:28',2,14),(748,'15','A','2018-10-27 16:35:28',2,14),(749,'Asd','A','2018-10-27 16:35:47',2,14),(750,'Asd','A','2018-10-27 16:35:48',2,14),(751,'Asd','A','2018-10-27 16:35:48',2,14),(752,'Asd','A','2018-10-27 16:35:49',2,14),(753,'Asd','A','2018-10-27 16:35:49',2,14),(754,'As','A','2018-10-27 16:35:50',2,14),(755,'Asd','A','2018-10-27 16:35:50',2,14),(756,'Asd','A','2018-10-27 16:35:51',2,14),(757,'20','A','2018-10-27 16:37:13',2,14),(758,'21','A','2018-10-27 16:37:14',2,14),(759,'22','A','2018-10-27 16:37:15',2,14),(760,'23','A','2018-10-27 16:37:15',2,14),(761,'24','A','2018-10-27 16:37:16',2,14),(762,'25','A','2018-10-27 16:37:16',2,14),(763,'26','A','2018-10-27 16:37:17',2,14),(764,'27','A','2018-10-27 16:37:17',2,14),(765,'28','A','2018-10-27 16:37:18',2,14),(766,'29','A','2018-10-27 16:37:19',2,14),(767,'Asd','A','2018-10-27 16:37:36',2,14),(768,'Asd','A','2018-10-27 16:37:36',2,14),(769,'Asd','A','2018-10-27 16:37:37',2,14),(770,'Asdasasd3','A','2018-10-27 16:38:21',2,14),(771,'Asdasd','A','2018-10-27 16:38:21',2,14),(772,'Asdasdas','A','2018-10-27 16:38:23',2,14),(773,',sdf','A','2018-10-27 16:39:05',2,14),(774,'Sdf','A','2018-10-27 16:39:06',2,14),(775,'Sdf','A','2018-10-27 16:39:06',2,14),(776,'Sdf','A','2018-10-27 16:39:06',2,14),(777,'Sdf','A','2018-10-27 16:39:07',2,14),(778,'Sdf','A','2018-10-27 16:39:07',2,14),(779,'A','A','2018-10-27 16:39:19',2,14),(780,'A','A','2018-10-27 16:39:23',2,14),(781,'Sdf','A','2018-10-27 16:39:36',2,14),(782,'Sdf','A','2018-10-27 16:39:36',2,14),(783,'Sdf','A','2018-10-27 16:39:37',2,14),(784,'Sdf','A','2018-10-27 16:39:37',2,14),(785,'Sdf','A','2018-10-27 16:39:38',2,14),(786,'Asd','A','2018-10-27 16:40:40',2,14),(787,'Asd','A','2018-10-27 16:40:40',2,14),(788,'Asd','A','2018-10-27 16:40:41',2,14),(789,'Asd','A','2018-10-27 16:40:41',2,14),(790,'Asd','A','2018-10-27 16:40:42',2,14),(791,'S','A','2018-10-27 16:41:06',2,14),(792,'S','A','2018-10-27 16:41:14',1,14),(793,'Sd3','A','2018-10-27 16:41:22',2,14),(794,'Sd','A','2018-10-27 16:41:22',2,14),(795,'Sd','A','2018-10-27 16:41:23',2,14),(796,'Sd','A','2018-10-27 16:41:23',2,14),(797,'Sd','A','2018-10-27 16:41:23',2,14),(798,'Sd','A','2018-10-27 16:41:24',2,14),(799,'Sd','A','2018-10-27 16:41:24',2,14),(800,'Sd','A','2018-10-27 16:41:24',2,14),(801,'Sd','A','2018-10-27 16:41:25',2,14),(802,'As','A','2018-10-27 16:42:08',2,14),(803,'Sdf','A','2018-10-27 16:42:08',2,14),(804,'Sdf','A','2018-10-27 16:42:09',2,14),(805,'Sdf','A','2018-10-27 16:42:09',2,14),(806,'1','A','2018-10-27 16:42:19',2,14),(807,'2','A','2018-10-27 16:42:20',2,14),(808,'3','A','2018-10-27 16:42:21',2,14),(809,'4','A','2018-10-27 16:42:21',2,14),(810,'5','A','2018-10-27 16:42:22',2,14),(811,'1','A','2018-10-27 16:42:54',2,14),(812,'2','A','2018-10-27 16:42:55',2,14),(813,'3','A','2018-10-27 16:42:55',2,14),(814,'4','A','2018-10-27 16:42:56',2,14),(815,'1','A','2018-10-27 16:43:05',2,14),(816,'2','A','2018-10-27 16:43:05',2,14),(817,'3','A','2018-10-27 16:43:06',2,14),(818,'4','A','2018-10-27 16:43:07',2,14),(819,'5','A','2018-10-27 16:43:07',2,14),(820,'6','A','2018-10-27 16:43:08',2,14),(821,'As','A','2018-10-27 16:43:46',2,14),(822,'Asd','A','2018-10-27 16:43:47',2,14),(823,'Asd','A','2018-10-27 16:43:47',2,14),(824,'Asf','A','2018-10-27 16:43:47',2,14),(825,'Asf','A','2018-10-27 16:43:48',2,14),(826,'Af','A','2018-10-27 16:43:48',2,14),(827,'Asd','A','2018-10-27 16:43:49',2,14),(828,'1','A','2018-10-27 16:45:25',2,14),(829,'2','A','2018-10-27 16:45:25',2,14),(830,'3','A','2018-10-27 16:45:26',2,14),(831,'4','A','2018-10-27 16:45:26',2,14),(832,'5','A','2018-10-27 16:45:27',2,14),(833,'6','A','2018-10-27 16:45:27',2,14),(834,'7','A','2018-10-27 16:45:28',2,14),(835,'8','A','2018-10-27 16:45:28',2,14),(836,'9','A','2018-10-27 16:45:29',2,14),(837,'0','A','2018-10-27 16:45:29',2,14),(838,'11','A','2018-10-27 16:45:30',2,14),(839,'S','A','2018-10-27 16:45:39',2,14),(840,'Asd','A','2018-10-27 16:46:27',2,14),(841,'Asd','A','2018-10-27 16:46:27',2,14),(842,'Asd','A','2018-10-27 16:46:28',2,14),(843,'Asd','A','2018-10-27 16:46:28',2,14),(844,'Asd','A','2018-10-27 16:46:28',2,14),(845,'Asd','A','2018-10-27 16:46:29',2,14),(846,'S','A','2018-10-27 16:46:34',2,14),(847,'S','A','2018-10-27 16:47:36',2,14),(848,'S','A','2018-10-27 16:47:43',2,14),(849,'1','A','2018-10-27 16:48:09',2,14),(850,'12','A','2018-10-27 16:48:10',2,14),(851,'13','A','2018-10-27 16:48:11',2,14),(852,'14','A','2018-10-27 16:48:11',2,14),(853,'15','A','2018-10-27 16:48:11',2,14),(854,'512','A','2018-10-27 16:48:12',2,14),(855,'34','A','2018-10-27 16:48:13',2,14),(856,'456','A','2018-10-27 16:48:13',2,14),(857,'567','A','2018-10-27 16:48:14',2,14),(858,'S','A','2018-10-27 16:48:25',2,14),(859,'S','A','2018-10-27 16:49:05',2,14),(860,'S','A','2018-10-27 16:49:14',2,14),(861,'Gfdgdf','A','2018-10-27 16:49:24',2,14),(862,'Ga','A','2018-10-27 16:49:38',2,14),(863,'S','A','2018-10-27 16:50:18',2,14),(864,'Sad','A','2018-10-27 16:50:26',2,14),(865,'Sd','A','2018-10-27 16:50:36',2,14),(866,'1','A','2018-10-27 16:51:34',2,14),(867,'2','A','2018-10-27 16:51:41',2,14),(868,'3','A','2018-10-27 16:52:41',2,14),(869,'4','A','2018-10-27 16:52:49',2,14),(870,'5','A','2018-10-27 16:53:31',2,14),(871,'6','A','2018-10-27 16:53:38',2,14),(872,'7','A','2018-10-27 16:54:45',2,14),(873,'8','A','2018-10-27 16:54:51',2,14),(874,'9','A','2018-10-27 16:55:00',2,14),(875,'10','A','2018-10-27 16:55:54',2,14),(876,'11','A','2018-10-27 16:56:01',2,14),(877,'12','A','2018-10-27 16:56:05',2,14),(878,'052','A','2018-10-27 16:56:28',2,14),(879,'','A','2018-10-27 16:56:34',2,14),(880,'3','A','2018-10-27 16:56:34',2,14),(881,'7456','A','2018-10-27 16:56:42',2,14),(882,'S','A','2018-10-27 16:57:04',1,14),(883,'S','A','2018-10-27 16:57:10',2,14),(884,'Asdas','A','2018-10-27 16:57:45',2,14),(885,'Asd','A','2018-10-27 16:57:45',2,14),(886,'A,','A','2018-10-27 16:58:00',2,14),(887,'A','A','2018-10-27 17:07:12',2,14),(888,'A','A','2018-10-27 17:07:12',2,14),(889,'Bb','A','2018-10-27 17:07:13',2,14),(890,'B','A','2018-10-27 17:07:14',2,14),(891,'C','A','2018-10-27 17:07:15',2,14),(892,'D','A','2018-10-27 17:07:16',2,14),(893,'E','A','2018-10-27 17:07:16',2,14),(894,'F','A','2018-10-27 17:07:17',2,14),(895,'G','A','2018-10-27 17:07:38',2,14),(896,'H','A','2018-10-27 17:07:39',2,14),(897,'I','A','2018-10-27 17:07:40',2,14),(898,'J','A','2018-10-27 17:07:40',2,14),(899,'K','A','2018-10-27 17:07:41',2,14),(900,'L','A','2018-10-27 17:07:41',2,14),(901,'I','A','2018-10-27 17:09:48',2,14),(902,'J','A','2018-10-27 17:09:48',2,14),(903,'K','A','2018-10-27 17:09:49',2,14),(904,'L','A','2018-10-27 17:09:50',2,14),(905,'M','A','2018-10-27 17:09:50',2,14),(906,'N','A','2018-10-27 17:09:51',2,14),(907,'O','A','2018-10-27 17:09:52',2,14),(908,'P','A','2018-10-27 17:09:52',2,14),(909,'S','A','2018-10-27 17:10:04',2,14),(910,'As','A','2018-10-27 17:10:10',2,14),(911,'1','A','2018-10-27 17:10:28',2,14),(912,'2','A','2018-10-27 17:10:28',2,14),(913,'3','A','2018-10-27 17:10:29',2,14),(914,'4','A','2018-10-27 17:10:29',2,14),(915,'5','A','2018-10-27 17:10:30',2,14),(916,'6','A','2018-10-27 17:10:30',2,14),(917,'7','A','2018-10-27 17:10:31',2,14),(918,'8','A','2018-10-27 17:10:31',2,14),(919,'9','A','2018-10-27 17:10:32',2,14),(920,'As','A','2018-10-27 17:10:46',1,14),(921,'S','A','2018-10-27 17:10:54',1,14),(922,'As','A','2018-10-27 17:11:03',1,14),(923,'As','A','2018-10-27 17:11:09',1,14),(924,'10','A','2018-10-27 17:11:29',2,14),(925,'11','A','2018-10-27 17:11:30',2,14),(926,'12','A','2018-10-27 17:11:30',2,14),(927,'13','A','2018-10-27 17:11:31',2,14),(928,'1','A','2018-10-27 17:11:31',2,14),(929,'15','A','2018-10-27 17:11:33',2,14),(930,'16','A','2018-10-27 17:11:34',2,14),(931,'17','A','2018-10-27 17:11:34',2,14),(932,'1','A','2018-10-27 17:11:35',2,14),(933,'19','A','2018-10-27 17:11:37',2,14),(934,'20','A','2018-10-27 17:11:39',2,14),(935,'21','A','2018-10-27 17:11:40',2,14),(936,'22','A','2018-10-27 17:11:41',2,14),(937,'23','A','2018-10-27 17:11:41',2,14),(938,'24','A','2018-10-27 17:11:42',2,14),(939,'25','A','2018-10-27 17:11:42',2,14),(940,'26','A','2018-10-27 17:11:43',2,14),(941,'1','A','2018-10-27 17:12:18',2,14),(942,'2','A','2018-10-27 17:12:19',2,14),(943,'3','A','2018-10-27 17:12:19',2,14),(944,'4','A','2018-10-27 17:12:20',2,14),(945,'5','A','2018-10-27 17:12:20',2,14),(946,'6','A','2018-10-27 17:12:20',2,14),(947,'7','A','2018-10-27 17:12:21',2,14),(948,'8','A','2018-10-27 17:12:21',2,14),(949,'9','A','2018-10-27 17:12:22',2,14),(950,'10','A','2018-10-27 17:12:22',2,14),(951,'11','A','2018-10-27 17:12:23',2,14),(952,'12','A','2018-10-27 17:12:23',2,14),(953,'13','A','2018-10-27 17:12:24',2,14),(954,'14','A','2018-10-27 17:12:24',2,14),(955,'15','A','2018-10-27 17:12:25',2,14),(956,'16','A','2018-10-27 17:12:26',2,14),(957,'17','A','2018-10-27 17:12:26',2,14),(958,'18','A','2018-10-27 17:12:27',2,14),(959,'19','A','2018-10-27 17:12:27',2,14),(960,'20','A','2018-10-27 17:12:28',2,14),(961,'2','A','2018-10-27 17:12:28',2,14),(962,'12','A','2018-10-27 17:12:29',2,14),(963,'2','A','2018-10-27 17:12:55',2,14),(964,'3','A','2018-10-27 17:13:14',2,14),(965,'4','A','2018-10-27 17:13:15',2,14),(966,'5','A','2018-10-27 17:13:16',2,14),(967,'6','A','2018-10-27 17:13:16',2,14),(968,'A','A','2018-10-27 17:13:33',2,14),(969,'B','A','2018-10-27 17:13:34',2,14),(970,'C','A','2018-10-27 17:13:35',2,14),(971,'D','A','2018-10-27 17:13:35',2,14),(972,'E','A','2018-10-27 17:13:36',2,14),(973,'F','A','2018-10-27 17:13:36',2,14),(974,'G','A','2018-10-27 17:13:37',2,14),(975,'H','A','2018-10-27 17:13:38',2,14),(976,'I','A','2018-10-27 17:13:38',2,14),(977,'J','A','2018-10-27 17:13:39',2,14),(978,'K','A','2018-10-27 17:13:40',2,14),(979,'As','A','2018-10-27 17:14:25',2,14),(980,'As','A','2018-10-27 17:14:25',2,14),(981,'As','A','2018-10-27 17:14:26',2,14),(982,'As','A','2018-10-27 17:14:26',2,14),(983,'As','A','2018-10-27 17:14:26',2,14),(984,'1','A','2018-10-27 17:14:44',2,14),(985,'2','A','2018-10-27 17:14:44',2,14),(986,'3','A','2018-10-27 17:14:45',2,14),(987,'4','A','2018-10-27 17:14:45',2,14),(988,'5','A','2018-10-27 17:14:46',2,14),(989,'S','A','2018-10-27 17:15:26',2,14),(990,'1','A','2018-10-27 17:15:36',2,14),(991,'2','A','2018-10-27 17:15:37',2,14),(992,'3','A','2018-10-27 17:15:37',2,14),(993,'4','A','2018-10-27 17:15:38',2,14),(994,'5','A','2018-10-27 17:15:38',2,14),(995,'6','A','2018-10-27 17:15:39',2,14),(996,'7','A','2018-10-27 17:15:39',2,14),(997,'S','A','2018-10-27 17:16:08',2,14),(998,'S','A','2018-10-27 17:16:14',2,14),(999,'As','A','2018-10-27 17:16:45',2,14),(1000,'Ad','A','2018-10-27 17:16:45',2,14),(1001,'Ad','A','2018-10-27 17:16:46',2,14),(1002,'Af','A','2018-10-27 17:16:46',2,14),(1003,'Af','A','2018-10-27 17:16:47',2,14),(1004,'Af','A','2018-10-27 17:16:47',2,14),(1005,'Af','A','2018-10-27 17:16:47',2,14),(1006,'Af','A','2018-10-27 17:16:48',2,14),(1007,'Af','A','2018-10-27 17:16:48',2,14),(1008,'F','A','2018-10-27 17:16:48',2,14),(1009,'Aa','A','2018-10-27 17:16:48',2,14),(1010,'F','A','2018-10-27 17:16:48',2,14),(1011,'Af','A','2018-10-27 17:16:49',2,14),(1012,'Af','A','2018-10-27 17:16:49',2,14),(1013,'Fa','A','2018-10-27 17:16:49',2,14),(1014,'Fa','A','2018-10-27 17:16:49',2,14),(1015,'Af','A','2018-10-27 17:16:50',2,14),(1016,'Fa','A','2018-10-27 17:16:50',2,14),(1017,'F','A','2018-10-27 17:16:50',2,14),(1018,'Af','A','2018-10-27 17:16:50',2,14),(1019,'Primeira mensagem do dia','A','2018-10-30 22:52:29',126,19),(1020,'Aldo Churros entrou no debate','A','2018-10-30 22:52:29',126,19),(1021,'Primeira mensagem do dia','A','2018-10-30 23:01:39',126,31),(1022,'Ola','A','2018-10-30 23:01:39',2,31),(1023,'S','A','2018-10-30 23:01:45',2,31),(1024,'Fdsf','A','2018-10-30 23:01:49',2,31),(1025,'Kç','A','2018-10-30 23:03:08',2,31),(1026,'çlkçl','A','2018-10-30 23:03:09',2,31),(1027,'Lkçl','A','2018-10-30 23:03:10',2,31),(1028,'çlklç','A','2018-10-30 23:03:10',2,31),(1029,'Klkçl','A','2018-10-30 23:03:11',2,31),(1030,'Kl','A','2018-10-30 23:03:12',2,31),(1031,'S','A','2018-10-30 23:05:27',2,31),(1032,'Fd','A','2018-10-30 23:05:30',2,31),(1033,'G','A','2018-10-30 23:05:32',2,31),(1034,'As','A','2018-10-30 23:05:54',2,31),(1035,'As','A','2018-10-30 23:05:55',2,31),(1036,'Ds','A','2018-10-30 23:05:55',2,31),(1037,'A','A','2018-10-30 23:06:46',2,31),(1038,'Sadas','A','2018-10-30 23:06:52',2,31),(1039,'Asdas','A','2018-10-30 23:06:53',2,31),(1040,'Fsf','A','2018-10-30 23:06:59',1,31),(1041,'Fsdfsd','A','2018-10-30 23:07:00',1,31),(1042,'Fsdfsd','A','2018-10-30 23:07:01',1,31),(1043,'Fdsf','A','2018-10-30 23:07:02',1,31),(1044,'Sdsd','A','2018-10-30 23:07:02',1,31),(1045,'F','A','2018-10-30 23:07:02',1,31),(1046,'Sd','A','2018-10-30 23:07:03',1,31),(1047,'F','A','2018-10-30 23:07:03',1,31),(1048,'Sd','A','2018-10-30 23:07:03',1,31),(1049,'F','A','2018-10-30 23:07:04',1,31),(1050,'S','A','2018-10-30 23:07:24',2,31),(1051,'A','A','2018-10-30 23:07:30',2,31),(1052,'Fdsf','A','2018-10-30 23:07:33',2,31),(1053,'Sd','A','2018-10-30 23:07:38',1,31),(1054,'Sd','A','2018-10-30 23:07:40',1,31),(1055,'Asd','A','2018-10-30 23:07:45',2,31),(1056,'S','A','2018-10-30 23:07:52',1,31),(1057,'Fsdfsd','A','2018-10-30 23:07:54',1,31),(1058,'Fsdf','A','2018-10-30 23:07:55',1,31),(1059,'Sdfsd','A','2018-10-30 23:07:56',1,31),(1060,'Sdf','A','2018-10-30 23:07:56',1,31),(1061,'Sdf','A','2018-10-30 23:07:56',1,31),(1062,'Sd','A','2018-10-30 23:07:56',1,31),(1063,'F','A','2018-10-30 23:07:57',1,31),(1064,'Sd','A','2018-10-30 23:07:57',1,31),(1065,'F','A','2018-10-30 23:07:57',1,31),(1066,'Sd','A','2018-10-30 23:07:57',1,31),(1067,'F','A','2018-10-30 23:08:03',2,31),(1068,'As','A','2018-10-30 23:08:56',1,31),(1069,'12','A','2018-10-30 23:08:57',1,31),(1070,'13','A','2018-10-30 23:08:58',1,31),(1071,'14','A','2018-10-30 23:08:58',1,31),(1072,'Ds','A','2018-10-30 23:09:11',2,31),(1073,'1','A','2018-10-30 23:09:17',1,31),(1074,'2','A','2018-10-30 23:09:18',1,31),(1075,'3','A','2018-10-30 23:09:18',1,31),(1076,'4','A','2018-10-30 23:09:19',1,31),(1077,'S','A','2018-10-30 23:09:26',2,31),(1078,'12','A','2018-10-30 23:09:27',2,31),(1079,'13','A','2018-10-30 23:09:27',2,31),(1080,'14','A','2018-10-30 23:09:28',2,31),(1081,'15','A','2018-10-30 23:09:28',2,31),(1082,'1','A','2018-10-30 23:11:31',1,31),(1083,'2','A','2018-10-30 23:11:31',1,31),(1084,'3','A','2018-10-30 23:11:32',1,31),(1085,'4','A','2018-10-30 23:11:33',1,31),(1086,'5','A','2018-10-30 23:11:33',1,31),(1087,'6','A','2018-10-30 23:11:34',1,31),(1088,'1','A','2018-10-30 23:11:40',2,31),(1089,'2','A','2018-10-30 23:11:41',2,31),(1090,'3','A','2018-10-30 23:11:42',2,31),(1091,'4','A','2018-10-30 23:11:42',2,31),(1092,'5','A','2018-10-30 23:11:43',2,31),(1093,'6','A','2018-10-30 23:11:43',2,31),(1094,'7','A','2018-10-30 23:11:44',2,31),(1095,'8','A','2018-10-30 23:11:44',2,31),(1096,'9','A','2018-10-30 23:11:45',2,31),(1097,'1','A','2018-10-30 23:12:00',1,31),(1098,'2','A','2018-10-30 23:12:00',1,31),(1099,'3','A','2018-10-30 23:12:00',1,31),(1100,'4','A','2018-10-30 23:12:01',1,31),(1101,'5','A','2018-10-30 23:12:01',1,31),(1102,'6','A','2018-10-30 23:12:01',1,31),(1103,'7','A','2018-10-30 23:12:02',1,31),(1104,'8','A','2018-10-30 23:12:02',1,31),(1105,'9','A','2018-10-30 23:12:03',1,31),(1106,'Olá tudo bem','A','2018-10-30 23:12:24',2,31),(1107,'??','A','2018-10-30 23:12:25',2,31),(1108,'S','A','2018-10-30 23:12:31',1,31),(1109,'R','A','2018-10-30 23:12:32',1,31),(1110,'E','A','2018-10-30 23:12:32',1,31),(1111,'Re','A','2018-10-30 23:12:33',1,31),(1112,'Re','A','2018-10-30 23:12:33',1,31),(1113,'Re','A','2018-10-30 23:12:34',1,31),(1114,'Rre','A','2018-10-30 23:12:35',1,31),(1115,'1','A','2018-10-30 23:13:38',2,31),(1116,'2','A','2018-10-30 23:13:38',2,31),(1117,'3','A','2018-10-30 23:13:39',2,31),(1118,'4','A','2018-10-30 23:13:39',2,31),(1119,'5','A','2018-10-30 23:13:40',2,31),(1120,'6','A','2018-10-30 23:13:40',2,31),(1121,'7','A','2018-10-30 23:13:41',2,31),(1122,'8','A','2018-10-30 23:13:41',2,31),(1123,'1','A','2018-10-30 23:14:54',1,31),(1124,'2','A','2018-10-30 23:14:55',1,31),(1125,'3','A','2018-10-30 23:14:55',1,31),(1126,'4','A','2018-10-30 23:14:55',1,31),(1127,'5','A','2018-10-30 23:14:56',1,31),(1128,'6','A','2018-10-30 23:14:56',1,31),(1129,'7','A','2018-10-30 23:14:57',1,31),(1130,'12','A','2018-10-30 23:15:01',2,31),(1131,'13','A','2018-10-30 23:15:02',2,31),(1132,'14','A','2018-10-30 23:15:02',2,31),(1133,'15','A','2018-10-30 23:15:02',2,31),(1134,'16','A','2018-10-30 23:15:03',2,31),(1135,'Hj','A','2018-10-30 23:15:10',1,31),(1136,'Sd','A','2018-10-30 23:15:11',1,31),(1137,'Sd','A','2018-10-30 23:15:12',1,31),(1138,'As','A','2018-10-30 23:15:13',1,31),(1139,'Qwe','A','2018-10-30 23:15:22',2,31),(1140,'Rt','A','2018-10-30 23:15:22',2,31),(1141,'Ey','A','2018-10-30 23:15:23',2,31),(1142,'Rty','A','2018-10-30 23:15:24',2,31),(1143,'Rty','A','2018-10-30 23:15:24',2,31),(1144,'Rty','A','2018-10-30 23:15:25',2,31),(1145,'As','A','2018-10-30 23:45:29',2,19),(1146,'Dsa','A','2018-10-30 23:45:30',2,19),(1147,'Dsad','A','2018-10-30 23:45:30',2,19),(1148,'As','A','2018-10-30 23:45:30',2,19),(1149,'Das','A','2018-10-30 23:45:31',2,19),(1150,'D','A','2018-10-30 23:45:31',2,19),(1151,'As','A','2018-10-30 23:45:31',2,19),(1152,'D','A','2018-10-30 23:45:31',2,19),(1153,'Sa','A','2018-10-30 23:45:32',2,19),(1154,'D','A','2018-10-30 23:45:32',2,19),(1155,'Asd','A','2018-10-30 23:45:32',2,19),(1156,'A','A','2018-10-30 23:45:32',2,19),(1157,'Sd','A','2018-10-30 23:45:33',2,19),(1158,'Asd','A','2018-10-30 23:45:33',2,19),(1159,'As','A','2018-10-30 23:45:33',2,19),(1160,'D','A','2018-10-30 23:45:33',2,19),(1161,'As','A','2018-10-30 23:45:34',2,19),(1162,'D','A','2018-10-30 23:45:34',2,19),(1163,'Primeira mensagem do dia','A','2018-11-07 14:39:16',126,18),(1164,'Aldo Churros entrou no debate','A','2018-11-07 14:39:16',126,18),(1165,'Aldo Churros saiu do debate','A','2018-11-07 14:39:28',126,18),(1166,'Aldo Churros entrou no debate','A','2018-11-07 14:41:30',126,18),(1167,'Aldo Churros saiu do debate','A','2018-11-07 14:41:49',126,18),(1168,'Aldo Churros entrou no debate','A','2018-11-07 14:41:57',126,18),(1169,'Aldo Churros saiu do debate','A','2018-11-07 14:42:22',126,18),(1170,'Aldo Churros entrou no debate','A','2018-11-07 14:42:28',126,18),(1171,'Primeira mensagem do dia','A','2018-11-07 14:46:03',126,25),(1172,'A administração removeu Maria Homem','A','2018-11-07 14:46:03',126,25),(1173,'S','A','2018-11-07 14:47:02',1,25),(1174,'Fgfg','A','2018-11-07 14:47:16',1,25),(1175,'A administração removeu Maria Homem','A','2018-11-07 14:48:51',126,25),(1176,'Primeira mensagem do dia','A','2018-11-07 14:50:01',126,7),(1177,'Maria Homem entrou no debate','A','2018-11-07 14:50:01',126,7),(1178,'A administração removeu Maria Homem','A','2018-11-07 14:50:25',126,25),(1179,'Primeira mensagem do dia','A','2018-11-07 14:51:07',126,19),(1180,'O dono do debate removeu Aldo Churros','A','2018-11-07 14:51:07',126,19),(1181,'O dono do debate removeu Aldo Churros','A','2018-11-07 14:51:33',126,19),(1182,'Maria Homem saiu do debate','A','2018-11-07 14:53:07',126,7),(1183,'Maria Homem entrou no debate','A','2018-11-07 14:53:21',126,7),(1184,'Maria Homem saiu do debate','A','2018-11-07 14:53:25',126,7),(1185,'Maria Homem entrou no debate','A','2018-11-07 14:56:03',126,7),(1186,'Maria Homem saiu do debate','A','2018-11-07 14:56:06',126,7),(1187,'Maria Homem entrou no debate','A','2018-11-07 14:56:41',126,7),(1188,'Maria Homem saiu do debate','A','2018-11-07 14:56:47',126,7),(1189,'Maria Homem entrou no debate','A','2018-11-07 15:09:32',126,7),(1190,'Maria Homem saiu do debate','A','2018-11-07 15:09:36',126,7),(1191,'Maria Homem entrou no debate','A','2018-11-07 15:09:53',126,7),(1192,'Maria Homem saiu do debate','A','2018-11-07 15:09:56',126,7),(1193,'Maria Homem entrou no debate','A','2018-11-07 15:10:30',126,7),(1194,'Maria Homem saiu do debate','A','2018-11-07 15:10:35',126,7),(1195,'Primeira mensagem do dia','A','2018-11-07 15:16:38',126,15),(1196,'Maria Homem entrou no debate','A','2018-11-07 15:16:38',126,15),(1197,'Primeira mensagem do dia','A','2018-11-07 15:28:12',126,29),(1198,'Gente, estou tendo um problema','A','2018-11-07 15:28:12',2,29),(1199,'Primeira mensagem do dia','A','2018-11-07 15:28:34',126,28),(1200,'As','A','2018-11-07 15:28:34',2,28),(1201,'Primeira mensagem do dia','A','2018-11-07 15:30:07',126,22),(1202,'Minha rua está com muitos buracos','A','2018-11-07 15:30:07',2,22),(1203,'Primeira mensagem do dia','A','2018-11-07 15:32:57',126,16),(1204,'As','A','2018-11-07 15:32:57',1,16),(1205,'Primeira mensagem do dia','A','2018-11-08 15:45:48',126,27),(1206,'54','A','2018-11-08 15:45:48',1,27),(1207,'56.6','A','2018-11-08 15:45:55',1,27),(1208,'45543,','A','2018-11-08 15:45:58',1,27),(1209,'2442','A','2018-11-08 15:45:59',1,27),(1210,'4','A','2018-11-08 15:46:00',1,27),(1211,'4554','A','2018-11-08 15:46:01',1,27),(1212,'Primeira mensagem do dia','A','2018-11-08 15:46:05',126,2),(1213,'5','A','2018-11-08 15:46:05',1,2),(1214,'Primeira mensagem do dia','A','2018-11-15 15:11:03',126,27),(1215,'As','A','2018-11-15 15:11:03',1,27),(1216,'Gdfgdf','A','2018-11-15 15:11:05',1,27),(1217,'Gdfgdfg','A','2018-11-15 15:11:07',1,27),(1218,'Gdfg','A','2018-11-15 15:11:07',1,27),(1219,'Dfg','A','2018-11-15 15:11:08',1,27),(1220,'Dfg','A','2018-11-15 15:11:09',1,27),(1221,'Dfg','A','2018-11-15 15:11:09',1,27),(1222,'Df','A','2018-11-15 15:11:12',1,27),(1223,'S','A','2018-11-15 15:11:21',1,27),(1224,'D','A','2018-11-15 15:11:22',1,27),(1225,'Primeira mensagem do dia','A','2018-11-15 15:11:26',126,7),(1226,'F','A','2018-11-15 15:11:26',1,7),(1227,'D','A','2018-11-15 15:11:27',1,7),(1228,'S','A','2018-11-15 15:11:28',1,7),(1229,'Primeira mensagem do dia','A','2018-11-15 15:11:35',126,8),(1230,'S','A','2018-11-15 15:11:35',1,8),(1231,'D','A','2018-11-15 15:11:36',1,8),(1232,'F','A','2018-11-15 15:11:37',1,8),(1233,'G','A','2018-11-15 15:11:38',1,8),(1234,'H','A','2018-11-15 15:11:39',1,8),(1235,'J','A','2018-11-15 15:11:40',1,8),(1236,'T','A','2018-11-15 15:11:41',1,8),(1237,'Y','A','2018-11-15 15:11:41',1,8),(1238,'U','A','2018-11-15 15:11:42',1,8),(1239,'I','A','2018-11-15 15:11:43',1,8),(1240,'O','A','2018-11-15 15:11:44',1,8),(1241,'D','A','2018-11-15 15:11:49',1,8),(1242,'Fadd','A','2018-11-15 15:11:50',1,8),(1243,'D','A','2018-11-15 15:11:51',1,8),(1244,'Dd','A','2018-11-15 15:11:51',1,8),(1245,'D','A','2018-11-15 15:11:52',1,8),(1246,'D','A','2018-11-15 15:11:52',1,8),(1247,'Dd','A','2018-11-15 15:11:53',1,8),(1248,'Dd','A','2018-11-15 15:11:53',1,8),(1249,'S','A','2018-11-15 15:12:01',1,8),(1250,'E3','A','2018-11-15 15:12:01',1,8),(1251,'3','A','2018-11-15 15:12:02',1,8),(1252,'5','A','2018-11-15 15:12:02',1,8),(1253,'6','A','2018-11-15 15:12:03',1,8),(1254,'7','A','2018-11-15 15:12:03',1,8),(1255,'8','A','2018-11-15 15:12:03',1,8),(1256,'9','A','2018-11-15 15:12:04',1,8),(1257,'0','A','2018-11-15 15:12:04',1,8),(1258,'-','A','2018-11-15 15:12:05',1,8),(1259,'-','A','2018-11-15 15:12:05',1,8),(1260,'0-7','A','2018-11-15 15:12:06',1,8),(1261,'Primeira mensagem do dia','A','2018-11-15 16:51:08',126,29),(1262,'As','A','2018-11-15 16:51:08',2,29),(1263,'23','A','2018-11-15 16:51:12',2,29),(1264,'43','A','2018-11-15 16:51:15',2,29),(1265,'54','A','2018-11-15 16:51:16',2,29),(1266,'56','A','2018-11-15 16:51:16',2,29),(1267,'56','A','2018-11-15 16:51:17',2,29),(1268,'67','A','2018-11-15 16:51:17',2,29),(1269,'S','A','2018-11-15 16:51:23',2,29),(1270,'D','A','2018-11-15 16:51:24',2,29),(1271,'F','A','2018-11-15 16:51:24',2,29),(1272,'Primeira mensagem do dia','A','2018-11-15 16:57:35',126,28),(1273,'Df','A','2018-11-15 16:57:35',2,28),(1274,'Fd','A','2018-11-15 16:57:37',2,28),(1275,'Sad','A','2018-11-15 16:57:38',2,28),(1276,'Asd','A','2018-11-15 16:57:38',2,28),(1277,'Asd','A','2018-11-15 16:57:39',2,28),(1278,'Asd','A','2018-11-15 16:57:39',2,28),(1279,'Sdf','A','2018-11-15 16:57:45',2,28),(1280,'Gfd','A','2018-11-15 16:57:45',2,28),(1281,'G','A','2018-11-15 16:57:45',2,28),(1282,'Dfg','A','2018-11-15 16:57:46',2,28),(1283,'Dfg','A','2018-11-15 16:57:46',2,28),(1284,'Dfg','A','2018-11-15 16:57:46',2,28),(1285,'Dfg','A','2018-11-15 16:57:46',2,28),(1286,'Dfgdf','A','2018-11-15 16:57:47',2,28),(1287,'Primeira mensagem do dia','A','2018-11-17 17:54:24',126,29),(1288,'S','A','2018-11-17 17:54:24',1,29),(1289,'A','A','2018-11-17 17:54:26',1,29),(1290,'Fg','A','2018-11-17 17:54:59',1,29),(1291,'Fd','A','2018-11-17 17:55:01',1,29),(1292,'Das','A','2018-11-17 17:55:03',1,29),(1293,'As','A','2018-11-17 17:55:06',1,29),(1294,'Ds','A','2018-11-17 17:55:08',1,29),(1295,'Primeira mensagem do dia','A','2018-11-17 17:56:11',126,8),(1296,'87','A','2018-11-17 17:56:11',1,8),(1297,'Primeira mensagem do dia','A','2018-11-24 01:29:18',126,31),(1298,'As','A','2018-11-24 01:29:18',1,31),(1299,'Fddsf','A','2018-11-24 01:29:23',1,31),(1300,'Jaca','A','2018-11-24 01:29:28',1,31),(1301,'Primeira mensagem do dia','A','2018-11-24 01:29:36',126,2),(1302,'Ola genteeee','A','2018-11-24 01:29:36',1,2),(1303,'Dasd','A','2018-11-24 01:29:42',1,2),(1304,'Dasd','A','2018-11-24 01:29:43',1,2),(1305,'Gdfg','A','2018-11-24 01:29:48',1,2),(1306,'Primeira mensagem do dia','A','2018-11-24 01:29:58',126,28),(1307,'Asdd','A','2018-11-24 01:29:58',1,28),(1308,'Dasd','A','2018-11-24 01:30:04',1,2),(1309,'Gf','A','2018-11-24 01:30:59',1,2),(1310,'Gf','A','2018-11-24 01:31:00',1,2),(1311,'Gf','A','2018-11-24 01:31:01',1,2),(1312,'Fg','A','2018-11-24 01:31:01',1,2),(1313,'G','A','2018-11-24 01:31:02',1,2),(1314,'As','A','2018-11-24 01:31:18',1,2),(1315,'Das','A','2018-11-24 01:31:19',1,2),(1316,'Dasd','A','2018-11-24 01:31:20',1,2),(1317,'Primeira mensagem do dia','A','2018-11-24 01:31:25',126,14),(1318,'A','A','2018-11-24 01:31:25',1,14),(1319,'Primeira mensagem do dia','A','2018-11-24 01:31:32',126,27),(1320,'1232423','A','2018-11-24 01:31:32',1,27),(1321,'Y','A','2018-11-24 01:31:39',1,27),(1322,'H','A','2018-11-24 01:31:40',1,27),(1323,'H','A','2018-11-24 01:31:40',1,27),(1324,'H','A','2018-11-24 01:31:41',1,27),(1325,'Primeira mensagem do dia','A','2018-11-24 01:31:48',126,7),(1326,'As','A','2018-11-24 01:31:48',1,7),(1327,'Primeira mensagem do dia','A','2018-11-24 01:31:53',126,8),(1328,'R','A','2018-11-24 01:31:53',1,8),(1329,'Primeira mensagem do dia','A','2018-11-24 01:32:00',126,9),(1330,'D','A','2018-11-24 01:32:00',1,9),(1331,'S','A','2018-11-24 01:32:01',1,9),(1332,'Oi gente tudo bem ??','A','2018-11-24 01:32:12',1,9),(1333,'Primeira mensagem do dia','A','2018-11-26 12:53:59',126,31),(1334,'Yt entrou no debate','A','2018-11-26 12:53:59',126,31),(1335,'Oie','A','2018-11-26 12:54:04',200,31),(1336,'Tudo bem com vc??','A','2018-11-26 12:54:09',200,31),(1337,'Gente','A','2018-11-26 12:54:11',200,31),(1338,'Hiihihih[','A','2018-11-26 12:54:13',200,31),(1339,'Ihiihihih','A','2018-11-26 12:54:14',200,31),(1340,'Olpa','A','2018-11-26 12:54:16',200,31),(1341,'Dlsakjdk]','A','2018-11-26 12:54:17',200,31),(1342,'[fg','A','2018-11-26 12:54:17',200,31),(1343,'Sdf','A','2018-11-26 12:54:17',200,31),(1344,'Sd','A','2018-11-26 12:54:18',200,31),(1345,'Fsdf','A','2018-11-26 12:54:18',200,31),(1346,'Sdf','A','2018-11-26 12:54:18',200,31),(1347,'Sd','A','2018-11-26 12:54:19',200,31),(1348,'Fsd','A','2018-11-26 12:54:19',200,31),(1349,'F','A','2018-11-26 12:54:19',200,31),(1350,'Sdfsd','A','2018-11-26 12:54:19',200,31),(1351,'F','A','2018-11-26 12:54:20',200,31),(1352,'Sdfs','A','2018-11-26 12:54:20',200,31),(1353,'F','A','2018-11-26 12:54:20',200,31),(1354,'Sdf','A','2018-11-26 12:54:20',200,31),(1355,'Sd','A','2018-11-26 12:54:20',200,31),(1356,'Fsdf','A','2018-11-26 12:54:21',200,31),(1357,'Sdfs','A','2018-11-26 12:54:21',200,31),(1358,'Df','A','2018-11-26 12:54:21',200,31),(1359,'Sd','A','2018-11-26 12:54:21',200,31),(1360,'Fsd','A','2018-11-26 12:54:21',200,31),(1361,'F','A','2018-11-26 12:54:22',200,31),(1362,'Sfd','A','2018-11-26 12:54:22',200,31),(1363,'Sdf','A','2018-11-26 12:54:22',200,31),(1364,'Sdf','A','2018-11-26 12:54:22',200,31),(1365,'Sdfsd','A','2018-11-26 12:54:23',200,31),(1366,'F','A','2018-11-26 12:54:23',200,31),(1367,'Sdf','A','2018-11-26 12:54:23',200,31),(1368,'Sdf','A','2018-11-26 12:54:24',200,31),(1369,'Sdf','A','2018-11-26 12:54:24',200,31),(1370,'Sdf','A','2018-11-26 12:54:24',200,31),(1371,'Fsdf','A','2018-11-26 12:54:24',200,31),(1372,'Sdf','A','2018-11-26 12:54:24',200,31),(1373,'Sdf','A','2018-11-26 12:54:24',200,31),(1374,'Fsdfsd','A','2018-11-26 12:54:28',200,31),(1375,'Gdfgdf','A','2018-11-26 12:54:29',200,31),(1376,'Gdfgdfg','A','2018-11-26 12:54:30',200,31),(1377,'Dfgdfg','A','2018-11-26 12:54:31',200,31),(1378,'Dfgdfg','A','2018-11-26 12:54:31',200,31),(1379,'Dgdfg','A','2018-11-26 12:54:32',200,31),(1380,'Das','A','2018-11-26 12:56:44',200,31),(1381,'Dasd','A','2018-11-26 12:56:45',200,31),(1382,'Das','A','2018-11-26 12:56:46',200,31),(1383,'A','A','2018-11-26 12:56:49',200,31),(1384,'F','A','2018-11-26 12:56:51',200,31),(1385,'G','A','2018-11-26 12:56:52',200,31),(1386,'H','A','2018-11-26 12:56:53',200,31),(1387,'J','A','2018-11-26 12:56:54',200,31),(1388,'K','A','2018-11-26 12:56:55',200,31),(1389,'Adsf','A','2018-11-26 12:57:22',200,31),(1390,'Fsdf','A','2018-11-26 12:57:23',200,31),(1391,'Fsdf','A','2018-11-26 12:57:23',200,31),(1392,'Sdfsdf','A','2018-11-26 12:57:24',200,31),(1393,'Sdf','A','2018-11-26 12:57:25',200,31),(1394,'Sf','A','2018-11-26 12:57:25',200,31),(1395,'Sdf','A','2018-11-26 12:57:25',200,31),(1396,'Sdf','A','2018-11-26 12:57:25',200,31),(1397,'Sdfs','A','2018-11-26 12:57:26',200,31),(1398,'Df','A','2018-11-26 12:57:26',200,31),(1399,'Sf','A','2018-11-26 12:57:26',200,31),(1400,'Sdf','A','2018-11-26 12:57:27',200,31),(1401,'Sfd','A','2018-11-26 12:57:27',200,31),(1402,'Fs','A','2018-11-26 12:57:27',200,31),(1403,'Df','A','2018-11-26 12:57:27',200,31),(1404,'Sdf','A','2018-11-26 12:57:27',200,31),(1405,'Sd','A','2018-11-26 12:57:28',200,31),(1406,'A','A','2018-11-26 12:57:32',200,31),(1407,'S','A','2018-11-26 12:57:33',200,31),(1408,'A','A','2018-11-26 12:59:23',200,31),(1409,'S','A','2018-11-26 12:59:24',200,31),(1410,'D','A','2018-11-26 12:59:25',200,31),(1411,'F','A','2018-11-26 12:59:26',200,31),(1412,'A','A','2018-11-26 12:59:29',200,31),(1413,'S','A','2018-11-26 12:59:32',200,31),(1414,'D','A','2018-11-26 12:59:33',200,31),(1415,'F','A','2018-11-26 12:59:34',200,31),(1416,'A','A','2018-11-26 13:01:24',200,31),(1417,'S','A','2018-11-26 13:01:25',200,31),(1418,'D','A','2018-11-26 13:01:26',200,31),(1419,'F','A','2018-11-26 13:01:28',200,31),(1420,'D','A','2018-11-26 13:01:30',200,31),(1421,'S','A','2018-11-26 13:01:30',200,31),(1422,'A','A','2018-11-26 13:01:31',200,31),(1423,'F','A','2018-11-26 13:01:32',200,31),(1424,'Primeira mensagem do dia','A','2018-12-01 14:44:53',126,32),(1425,'Fg criou o debate','A','2018-12-01 14:44:53',126,32),(1426,'Ola','A','2018-12-01 14:45:02',201,32),(1427,'Tudo bem com vc ??','A','2018-12-01 14:45:07',201,32),(1428,'Aldo Silva entrou no debate','A','2018-12-01 14:45:15',126,32),(1429,'Ola aldo','A','2018-12-01 14:45:26',201,32),(1430,'Ola fg','A','2018-12-01 14:45:31',1,32),(1431,'Td bem com vc??','A','2018-12-01 14:45:42',1,32),(1432,'Lkjlklk','A','2018-12-01 14:45:51',201,32),(1433,'Tudo otimo e vc ??','A','2018-12-01 14:46:09',201,32),(1434,'Ah to bem poderia estar melhor mas estou bem simmmm','A','2018-12-01 14:46:25',1,32),(1435,'Legal em','A','2018-12-01 14:46:32',201,32),(1436,'Show de bola','A','2018-12-01 14:46:35',201,32),(1437,'Q triste..','A','2018-12-01 14:46:46',1,32),(1438,'Aldo Silva saiu do debate','A','2018-12-01 14:47:10',126,32),(1439,'Aldo','A','2018-12-01 14:47:16',201,32),(1440,'??','A','2018-12-01 14:47:17',201,32),(1441,'Aldo Silva entrou no debate','A','2018-12-01 14:47:21',126,32),(1442,'O dono do debate removeu Aldo Silva','A','2018-12-01 14:47:45',126,32),(1443,'Primeira mensagem do dia','A','2018-12-01 14:48:16',126,31),(1444,'Fg entrou no debate','A','2018-12-01 14:48:16',126,31),(1445,'Primeira mensagem do dia','A','2018-12-03 20:30:37',126,32),(1446,'Maria Gabi entrou no debate','A','2018-12-03 20:30:37',126,32),(1447,'Ola gente','A','2018-12-03 20:30:48',2,32),(1448,'Tudo bem com vc??','A','2018-12-03 20:30:53',2,32),(1449,'Dakjdksa','A','2018-12-03 20:30:54',2,32),(1450,'Primeira mensagem do dia','A','2019-01-09 01:59:27',126,33),(1451,'S criou o debate','A','2019-01-09 01:59:27',126,33),(1452,'Primeira mensagem do dia','A','2019-01-09 03:13:58',126,31),(1453,'Sss entrou no debate','A','2019-01-09 03:13:58',126,31),(1454,'Primeira mensagem do dia','A','2019-01-09 17:30:26',126,34),(1455,'A criou o debate','A','2019-01-09 17:30:26',126,34),(1456,'Primeira mensagem do dia','A','2019-01-09 17:31:30',126,35),(1457,'A criou o debate','A','2019-01-09 17:31:30',126,35),(1458,'Primeira mensagem do dia','A','2019-01-10 17:02:35',126,36),(1459,'A criou o debate','A','2019-01-10 17:02:35',126,36),(1460,'Primeira mensagem do dia','A','2019-01-10 17:03:06',126,37),(1461,'A criou o debate','A','2019-01-10 17:03:06',126,37),(1462,'Primeira mensagem do dia','A','2019-01-10 17:05:13',126,38),(1463,'A criou o debate','A','2019-01-10 17:05:13',126,38),(1464,'Primeira mensagem do dia','A','2019-01-10 17:05:49',126,39),(1465,'A criou o debate','A','2019-01-10 17:05:49',126,39),(1466,'Primeira mensagem do dia','A','2019-01-10 17:06:25',126,40),(1467,'A criou o debate','A','2019-01-10 17:06:25',126,40),(1468,'Primeira mensagem do dia','A','2019-01-10 17:06:43',126,41),(1469,'A criou o debate','A','2019-01-10 17:06:43',126,41),(1470,'Primeira mensagem do dia','A','2019-01-10 17:10:48',126,42),(1471,'A criou o debate','A','2019-01-10 17:10:48',126,42),(1472,'Primeira mensagem do dia','A','2019-01-10 17:18:07',126,31),(1473,'A entrou no debate','A','2019-01-10 17:18:07',126,31),(1474,'Primeira mensagem do dia','A','2019-01-12 15:50:20',126,43),(1475,'A criou o debate','A','2019-01-12 15:50:20',126,43),(1476,'Primeira mensagem do dia','A','2019-01-12 17:53:13',126,33),(1477,'A entrou no debate','A','2019-01-12 17:53:13',126,33),(1478,'Aldo Silva entrou no debate','A','2019-01-12 17:56:34',126,33),(1479,'Primeira mensagem do dia','A','2019-01-12 18:15:53',126,31),(1480,'A','A','2019-01-12 18:15:53',204,31),(1481,'Sd','A','2019-01-12 18:15:55',204,31),(1482,'Fd','A','2019-01-12 18:15:56',204,31),(1483,'Gf','A','2019-01-12 18:15:57',204,31),(1484,'Sd','A','2019-01-12 18:17:57',1,31),(1485,'Sd','A','2019-01-12 18:17:58',1,31),(1486,'D','A','2019-01-12 18:18:10',1,31),(1487,'S','A','2019-01-12 18:18:10',1,31),(1488,'S','A','2019-01-12 18:18:10',1,31),(1489,'S','A','2019-01-12 18:18:25',204,31),(1490,'A','A','2019-01-12 18:18:26',204,31),(1491,'Primeira mensagem do dia','A','2019-01-12 18:18:34',126,9),(1492,'Wdas','A','2019-01-12 18:18:34',1,9),(1493,'Fsd','A','2019-01-12 18:18:35',1,9),(1494,'Gdf','A','2019-01-12 18:18:36',1,9),(1495,'23','A','2019-01-12 18:18:42',1,9),(1496,'43','A','2019-01-12 18:18:43',1,9),(1497,'1','A','2019-01-12 18:18:47',1,31),(1498,'2','A','2019-01-12 18:18:48',1,31),(1499,'3','A','2019-01-12 18:18:48',1,31),(1500,'4','A','2019-01-12 18:18:49',1,31),(1501,'Aldo Silva entrou no debate','A','2019-01-12 18:22:46',126,43),(1502,'Aldo Silva saiu do debate','A','2019-01-12 18:23:55',126,43),(1503,'Aldo Silva entrou no debate','A','2019-01-12 18:24:23',126,43),(1504,'Aldo Silva saiu do debate','A','2019-01-12 18:24:52',126,43),(1505,'Aldo Silva entrou no debate','A','2019-01-12 18:24:55',126,43),(1506,'Aldo Silva saiu do debate','A','2019-01-12 18:25:13',126,43),(1507,'Aldo Silva entrou no debate','A','2019-01-12 18:25:17',126,43),(1508,'Aldo Silva saiu do debate','A','2019-01-12 18:25:20',126,43),(1509,'Aldo Silva entrou no debate','A','2019-01-12 18:29:52',126,43),(1510,'O dono do debate removeu Yt','A','2019-01-12 18:30:40',126,31),(1511,'Primeira mensagem do dia','A','2019-01-12 19:32:30',126,32),(1512,'A entrou no debate','A','2019-01-12 19:32:30',126,32),(1513,'Primeira mensagem do dia','A','2019-02-10 14:45:27',126,32),(1514,'A administração removeu A','A','2019-02-10 14:45:27',126,32),(1515,'Primeira mensagem do dia','A','2019-04-11 00:16:02',126,18),(1516,'Das entrou no debate','A','2019-04-11 00:16:02',126,18),(1517,'Gfdg entrou no debate','A','2019-04-11 00:16:05',126,18),(1518,'Sd','A','2019-04-11 00:16:10',222,18),(1519,'Sdsd','A','2019-04-11 00:32:09',221,18),(1520,'Dadsads','A','2019-04-11 00:32:25',222,18);
/*!40000 ALTER TABLE `mensagem` ENABLE KEYS */;
UNLOCK TABLES;

--
-- Table structure for table `mensagem_visualizacao`
--

DROP TABLE IF EXISTS `mensagem_visualizacao`;
/*!40101 SET @saved_cs_client     = @@character_set_client */;
/*!40101 SET character_set_client = utf8 */;
CREATE TABLE `mensagem_visualizacao` (
  `cod_mensa` int(11) NOT NULL,
  `cod_usu` int(11) NOT NULL,
  `dataHora_mensa_visu` datetime NOT NULL,
  `status_visu` char(1) DEFAULT NULL,
  PRIMARY KEY (`cod_mensa`,`cod_usu`),
  KEY `fk_Mensagem_visualizacao_Usuario1_idx` (`cod_usu`),
  CONSTRAINT `fk_Mensagem_visualizacao_Mensagem1` FOREIGN KEY (`cod_mensa`) REFERENCES `mensagem` (`cod_mensa`) ON DELETE NO ACTION ON UPDATE NO ACTION,
  CONSTRAINT `fk_Mensagem_visualizacao_Usuario1` FOREIGN KEY (`cod_usu`) REFERENCES `usuario` (`cod_usu`) ON DELETE NO ACTION ON UPDATE NO ACTION
) ENGINE=InnoDB DEFAULT CHARSET=latin1;
/*!40101 SET character_set_client = @saved_cs_client */;

--
-- Dumping data for table `mensagem_visualizacao`
--

LOCK TABLES `mensagem_visualizacao` WRITE;
/*!40000 ALTER TABLE `mensagem_visualizacao` DISABLE KEYS */;
INSERT INTO `mensagem_visualizacao` VALUES (213,1,'2018-09-30 12:25:05','A'),(213,2,'2018-09-30 12:25:05','A'),(214,1,'2018-09-30 12:25:05','A'),(214,2,'2018-09-30 12:25:05','A'),(215,1,'2018-09-30 12:25:11','A'),(215,2,'2018-09-30 12:25:11','A'),(216,1,'2018-09-30 12:26:16','A'),(217,1,'2018-09-30 12:26:26','A'),(218,1,'2018-09-30 12:26:26','A'),(219,1,'2018-09-30 12:26:35','A'),(220,1,'2018-09-30 12:26:35','A'),(221,1,'2018-09-30 12:26:41','A'),(222,1,'2018-09-30 12:26:41','A'),(223,1,'2018-09-30 12:26:44','A'),(223,2,'2018-09-30 12:26:44','A'),(224,1,'2018-09-30 12:26:50','A'),(224,95,'2018-09-30 12:26:50','I'),(225,1,'2018-09-30 12:26:50','A'),(225,95,'2018-09-30 12:26:50','I'),(226,1,'2018-09-30 12:27:00','A'),(226,2,'2018-09-30 12:27:00','A'),(227,1,'2018-09-30 12:27:08','A'),(228,1,'2018-09-30 12:27:14','A'),(229,1,'2018-09-30 12:29:11','A'),(229,2,'2018-09-30 12:29:11','A'),(230,1,'2018-09-30 12:29:16','A'),(230,2,'2018-09-30 12:29:16','A'),(231,1,'2018-09-30 12:36:18','A'),(231,2,'2018-09-30 12:36:18','A'),(232,2,'2018-09-30 12:38:07','A'),(233,2,'2018-09-30 12:38:07','A'),(234,1,'2018-09-30 12:39:09','A'),(234,2,'2018-09-30 12:39:09','A'),(235,1,'2018-09-30 12:47:11','A'),(235,2,'2018-09-30 12:47:11','A'),(236,1,'2018-09-30 12:59:36','A'),(236,2,'2018-09-30 12:59:36','A'),(237,1,'2018-09-30 12:59:48','A'),(237,2,'2018-09-30 12:59:48','A'),(238,1,'2018-09-30 13:04:50','A'),(238,2,'2018-09-30 13:04:50','A'),(239,1,'2018-09-30 13:05:03','A'),(239,2,'2018-09-30 13:05:03','A'),(240,1,'2018-09-30 13:05:18','A'),(240,2,'2018-09-30 13:05:18','A'),(241,1,'2018-09-30 13:05:43','A'),(241,2,'2018-09-30 13:05:43','A'),(242,1,'2018-09-30 13:05:53','A'),(242,2,'2018-09-30 13:05:53','A'),(243,1,'2018-09-30 13:05:56','A'),(243,2,'2018-09-30 13:05:56','A'),(244,1,'2018-09-30 13:05:59','A'),(244,2,'2018-09-30 13:05:59','A'),(245,1,'2018-09-30 13:06:16','A'),(245,2,'2018-09-30 13:06:16','A'),(246,1,'2018-09-30 13:08:15','A'),(246,2,'2018-09-30 13:08:15','A'),(247,1,'2018-09-30 13:08:31','A'),(247,2,'2018-09-30 13:08:31','A'),(248,1,'2018-09-30 13:10:20','A'),(248,2,'2018-09-30 13:10:20','A'),(249,1,'2018-10-05 09:37:41','A'),(249,2,'2018-10-05 09:37:41','A'),(250,1,'2018-10-05 09:37:41','A'),(250,2,'2018-10-05 09:37:41','A'),(251,1,'2018-10-05 09:37:43','A'),(251,2,'2018-10-05 09:37:43','A'),(252,1,'2018-10-05 10:36:38','A'),(252,2,'2018-10-05 10:36:38','A'),(253,1,'2018-10-05 10:36:41','A'),(253,2,'2018-10-05 10:36:41','A'),(254,1,'2018-10-05 10:38:23','A'),(254,2,'2018-10-05 10:38:23','A'),(255,1,'2018-10-05 10:39:13','A'),(255,2,'2018-10-05 10:39:13','A'),(256,1,'2018-10-05 11:18:11','A'),(256,2,'2018-10-05 11:18:11','A'),(257,1,'2018-10-05 11:19:32','A'),(257,2,'2018-10-05 11:19:32','A'),(258,1,'2018-10-05 11:19:32','A'),(258,2,'2018-10-05 11:19:32','A'),(259,1,'2018-10-05 11:19:36','A'),(259,2,'2018-10-05 11:19:36','A'),(260,1,'2018-10-05 11:19:40','A'),(260,2,'2018-10-05 11:19:40','A'),(261,1,'2018-10-05 11:19:42','A'),(261,2,'2018-10-05 11:19:42','A'),(262,1,'2018-10-05 11:19:44','A'),(262,2,'2018-10-05 11:19:44','A'),(263,1,'2018-10-05 11:19:45','A'),(263,2,'2018-10-05 11:19:45','A'),(264,1,'2018-10-05 11:19:47','A'),(264,2,'2018-10-05 11:19:47','A'),(265,1,'2018-10-05 11:19:48','A'),(265,2,'2018-10-05 11:19:48','A'),(266,1,'2018-10-05 11:19:50','A'),(266,2,'2018-10-05 11:19:50','A'),(267,1,'2018-10-05 11:19:51','A'),(267,2,'2018-10-05 11:19:51','A'),(268,1,'2018-10-05 11:19:53','A'),(268,2,'2018-10-05 11:19:53','A'),(269,1,'2018-10-05 11:19:54','A'),(269,2,'2018-10-05 11:19:54','A'),(270,1,'2018-10-05 11:19:55','A'),(270,2,'2018-10-05 11:19:55','A'),(271,1,'2018-10-05 11:19:57','A'),(271,2,'2018-10-05 11:19:57','A'),(272,1,'2018-10-05 11:19:59','A'),(272,2,'2018-10-05 11:19:59','A'),(273,1,'2018-10-05 11:20:00','A'),(273,2,'2018-10-05 11:20:00','A'),(274,1,'2018-10-05 11:20:03','A'),(274,2,'2018-10-05 11:20:03','A'),(275,1,'2018-10-05 11:20:04','A'),(275,2,'2018-10-05 11:20:04','A'),(276,1,'2018-10-05 11:20:07','A'),(276,2,'2018-10-05 11:20:07','A'),(277,1,'2018-10-05 11:20:09','A'),(277,2,'2018-10-05 11:20:09','A'),(278,1,'2018-10-05 11:20:11','A'),(278,2,'2018-10-05 11:20:11','A'),(279,1,'2018-10-05 11:20:12','A'),(279,2,'2018-10-05 11:20:12','A'),(280,1,'2018-10-05 11:20:14','A'),(280,2,'2018-10-05 11:20:14','A'),(281,1,'2018-10-05 11:20:16','A'),(281,2,'2018-10-05 11:20:16','A'),(282,1,'2018-10-05 11:20:16','A'),(282,2,'2018-10-05 11:20:16','A'),(283,1,'2018-10-05 11:20:20','A'),(283,2,'2018-10-05 11:20:20','A'),(284,1,'2018-10-05 11:20:23','A'),(284,2,'2018-10-05 11:20:23','A'),(285,1,'2018-10-05 11:47:01','A'),(285,2,'2018-10-05 11:47:01','A'),(286,1,'2018-10-06 12:28:16','A'),(286,2,'2018-10-06 12:28:16','A'),(287,1,'2018-10-06 12:28:16','A'),(287,2,'2018-10-06 12:28:16','A'),(288,1,'2018-10-06 12:35:13','A'),(288,2,'2018-10-06 12:35:13','A'),(289,1,'2018-10-06 12:42:24','A'),(290,1,'2018-10-06 12:42:46','A'),(290,2,'2018-10-06 12:42:46','A'),(291,1,'2018-10-06 12:47:03','A'),(292,1,'2018-10-06 12:47:03','A'),(293,1,'2018-10-06 12:47:37','A'),(293,2,'2018-10-06 12:47:37','A'),(294,1,'2018-10-06 12:47:37','A'),(294,2,'2018-10-06 12:47:37','A'),(295,1,'2018-10-06 12:50:54','A'),(295,2,'2018-10-06 12:50:54','A'),(296,1,'2018-10-06 12:50:54','A'),(296,2,'2018-10-06 12:50:54','A'),(297,2,'2018-10-06 15:32:13','A'),(298,2,'2018-10-06 15:32:13','A'),(299,1,'2018-10-06 19:21:16','A'),(299,2,'2018-10-06 19:21:16','A'),(300,1,'2018-10-06 19:21:44','A'),(300,2,'2018-10-06 19:21:44','A'),(301,1,'2018-10-06 19:22:17','A'),(301,2,'2018-10-06 19:22:17','A'),(302,1,'2018-10-06 19:27:16','A'),(302,2,'2018-10-06 19:27:16','A'),(303,1,'2018-10-11 15:20:38','A'),(304,1,'2018-10-11 15:20:38','A'),(305,1,'2018-10-11 15:42:58','A'),(306,1,'2018-10-11 15:42:58','A'),(307,1,'2018-10-11 15:58:20','A'),(307,2,'2018-10-11 15:58:20','A'),(308,1,'2018-10-11 15:58:27','A'),(308,2,'2018-10-11 15:58:27','A'),(309,1,'2018-10-11 15:58:30','A'),(309,2,'2018-10-11 15:58:30','A'),(310,1,'2018-10-11 15:58:32','A'),(310,2,'2018-10-11 15:58:32','A'),(311,1,'2018-10-11 15:58:33','A'),(311,2,'2018-10-11 15:58:33','A'),(312,1,'2018-10-11 15:58:34','A'),(312,2,'2018-10-11 15:58:34','A'),(313,1,'2018-10-11 15:58:35','A'),(313,2,'2018-10-11 15:58:35','A'),(314,1,'2018-10-11 15:58:36','A'),(314,2,'2018-10-11 15:58:36','A'),(315,1,'2018-10-11 15:58:38','A'),(315,2,'2018-10-11 15:58:38','A'),(316,1,'2018-10-11 15:58:39','A'),(316,2,'2018-10-11 15:58:39','A'),(317,1,'2018-10-11 15:58:41','A'),(317,2,'2018-10-11 15:58:41','A'),(318,1,'2018-10-11 15:58:43','A'),(318,2,'2018-10-11 15:58:43','A'),(319,1,'2018-10-11 15:58:45','A'),(319,2,'2018-10-11 15:58:45','A'),(320,1,'2018-10-11 15:58:46','A'),(320,2,'2018-10-11 15:58:46','A'),(321,1,'2018-10-11 15:58:47','A'),(321,2,'2018-10-11 15:58:47','A'),(322,1,'2018-10-11 15:58:48','A'),(322,2,'2018-10-11 15:58:48','A'),(323,1,'2018-10-11 15:58:50','A'),(323,2,'2018-10-11 15:58:50','A'),(324,1,'2018-10-11 15:58:52','A'),(324,2,'2018-10-11 15:58:52','A'),(325,1,'2018-10-11 15:58:53','A'),(325,2,'2018-10-11 15:58:53','A'),(326,1,'2018-10-11 15:58:55','A'),(326,2,'2018-10-11 15:58:55','A'),(327,1,'2018-10-11 15:58:57','A'),(327,2,'2018-10-11 15:58:57','A'),(328,1,'2018-10-11 15:58:58','A'),(328,2,'2018-10-11 15:58:58','A'),(329,1,'2018-10-11 15:59:00','A'),(329,2,'2018-10-11 15:59:00','A'),(330,1,'2018-10-11 15:59:02','A'),(330,2,'2018-10-11 15:59:02','A'),(331,1,'2018-10-11 15:59:03','A'),(331,2,'2018-10-11 15:59:03','A'),(332,1,'2018-10-11 15:59:04','A'),(332,2,'2018-10-11 15:59:04','A'),(333,1,'2018-10-11 16:07:42','A'),(333,2,'2018-10-11 16:07:42','A'),(334,1,'2018-10-11 16:08:05','A'),(334,2,'2018-10-11 16:08:05','A'),(335,1,'2018-10-11 16:08:05','A'),(335,2,'2018-10-11 16:08:05','A'),(336,1,'2018-10-11 16:09:00','A'),(336,2,'2018-10-11 16:09:00','A'),(337,1,'2018-10-11 16:09:58','A'),(337,2,'2018-10-11 16:09:58','A'),(338,1,'2018-10-11 16:10:09','A'),(338,2,'2018-10-11 16:10:09','A'),(339,1,'2018-10-11 16:10:30','A'),(339,2,'2018-10-11 16:10:30','A'),(340,1,'2018-10-11 16:10:33','A'),(340,2,'2018-10-11 16:10:33','A'),(341,1,'2018-10-11 16:10:42','A'),(341,2,'2018-10-11 16:10:42','A'),(342,1,'2018-10-11 16:10:48','A'),(342,2,'2018-10-11 16:10:48','A'),(343,1,'2018-10-11 16:11:02','A'),(343,2,'2018-10-11 16:11:02','A'),(344,1,'2018-10-11 16:11:03','A'),(344,2,'2018-10-11 16:11:03','A'),(345,1,'2018-10-11 16:11:05','A'),(345,2,'2018-10-11 16:11:05','A'),(346,1,'2018-10-11 16:11:06','A'),(346,2,'2018-10-11 16:11:06','A'),(347,1,'2018-10-11 16:11:07','A'),(347,2,'2018-10-11 16:11:07','A'),(348,1,'2018-10-11 16:11:09','A'),(348,2,'2018-10-11 16:11:09','A'),(349,1,'2018-10-11 16:11:10','A'),(349,2,'2018-10-11 16:11:10','A'),(350,1,'2018-10-11 16:11:11','A'),(350,2,'2018-10-11 16:11:11','A'),(351,1,'2018-10-11 16:11:13','A'),(351,2,'2018-10-11 16:11:13','A'),(352,1,'2018-10-11 16:11:14','A'),(352,2,'2018-10-11 16:11:14','A'),(353,1,'2018-10-11 16:11:16','A'),(353,2,'2018-10-11 16:11:16','A'),(354,1,'2018-10-11 16:11:18','A'),(354,2,'2018-10-11 16:11:18','A'),(355,1,'2018-10-11 16:11:20','A'),(355,2,'2018-10-11 16:11:20','A'),(356,1,'2018-10-11 16:11:21','A'),(356,2,'2018-10-11 16:11:21','A'),(357,1,'2018-10-11 16:11:23','A'),(357,2,'2018-10-11 16:11:23','A'),(358,1,'2018-10-11 16:11:24','A'),(358,2,'2018-10-11 16:11:24','A'),(359,1,'2018-10-11 16:11:26','A'),(359,2,'2018-10-11 16:11:26','A'),(360,1,'2018-10-11 16:11:27','A'),(360,2,'2018-10-11 16:11:27','A'),(361,1,'2018-10-11 16:11:28','A'),(361,2,'2018-10-11 16:11:28','A'),(362,1,'2018-10-11 16:11:30','A'),(362,2,'2018-10-11 16:11:30','A'),(363,1,'2018-10-11 16:11:32','A'),(363,2,'2018-10-11 16:11:32','A'),(364,1,'2018-10-11 16:11:36','A'),(364,2,'2018-10-11 16:11:36','A'),(365,1,'2018-10-11 16:12:01','A'),(365,2,'2018-10-11 16:12:01','A'),(366,1,'2018-10-11 16:14:42','A'),(367,1,'2018-10-11 16:14:42','A'),(368,1,'2018-10-11 16:26:22','A'),(369,1,'2018-10-11 16:26:26','A'),(369,2,'2018-10-11 16:26:26','A'),(370,1,'2018-10-12 12:16:47','A'),(371,1,'2018-10-12 12:16:47','A'),(372,1,'2018-10-12 12:17:20','A'),(373,1,'2018-10-12 12:17:21','A'),(374,2,'2018-10-12 12:17:49','A'),(375,2,'2018-10-12 12:17:49','A'),(376,1,'2018-10-12 12:18:47','A'),(376,2,'2018-10-12 12:18:47','A'),(377,1,'2018-10-12 12:19:14','A'),(377,2,'2018-10-12 12:19:14','A'),(378,1,'2018-10-12 12:19:14','A'),(378,2,'2018-10-12 12:19:14','A'),(379,1,'2018-10-12 12:19:31','A'),(379,2,'2018-10-12 12:19:31','A'),(380,1,'2018-10-12 12:19:31','A'),(380,2,'2018-10-12 12:19:31','A'),(381,1,'2018-10-12 12:20:05','A'),(382,1,'2018-10-12 12:21:44','A'),(383,1,'2018-10-12 12:23:20','A'),(384,1,'2018-10-12 12:23:20','A'),(385,1,'2018-10-12 12:24:42','A'),(386,1,'2018-10-12 12:43:17','A'),(386,2,'2018-10-12 12:43:17','A'),(387,1,'2018-10-12 12:44:13','A'),(388,1,'2018-10-12 12:45:33','A'),(388,2,'2018-10-12 12:45:33','A'),(389,1,'2018-10-12 12:56:15','A'),(389,2,'2018-10-12 12:56:15','A'),(390,1,'2018-10-12 12:57:24','A'),(390,2,'2018-10-12 12:57:24','A'),(391,1,'2018-10-12 12:57:34','A'),(392,2,'2018-10-12 13:21:06','A'),(393,2,'2018-10-12 13:21:06','A'),(394,2,'2018-10-12 13:21:14','A'),(395,2,'2018-10-12 13:21:14','A'),(396,1,'2018-10-12 19:39:53','A'),(397,1,'2018-10-12 19:40:22','A'),(398,1,'2018-10-12 19:41:37','A'),(399,1,'2018-10-12 19:42:16','A'),(400,1,'2018-10-12 19:44:05','A'),(401,1,'2018-10-12 19:44:10','A'),(402,1,'2018-10-12 19:44:13','A'),(403,1,'2018-10-12 19:44:14','A'),(404,1,'2018-10-12 13:44:33','A'),(405,1,'2018-10-12 13:44:35','A'),(406,1,'2018-10-12 19:45:30','A'),(407,1,'2018-10-12 19:45:33','A'),(408,1,'2018-10-12 19:46:43','A'),(409,1,'2018-10-12 13:47:44','A'),(410,1,'2018-10-12 13:48:15','A'),(411,1,'2018-10-12 13:48:21','A'),(412,1,'2018-10-12 13:48:25','A'),(413,1,'2018-10-12 13:48:26','A'),(414,1,'2018-10-12 13:48:29','A'),(415,1,'2018-10-12 13:48:33','A'),(416,1,'2018-10-12 13:48:40','A'),(416,2,'2018-10-12 13:48:40','A'),(417,1,'2018-10-12 13:48:45','A'),(417,2,'2018-10-12 13:48:45','A'),(418,1,'2018-10-12 13:48:48','A'),(418,2,'2018-10-12 13:48:48','A'),(419,1,'2018-10-12 20:10:38','A'),(419,2,'2018-10-12 20:10:38','A'),(420,1,'2018-10-12 20:11:07','A'),(420,2,'2018-10-12 20:11:07','A'),(421,1,'2018-10-12 14:11:36','A'),(421,2,'2018-10-12 14:11:36','A'),(422,1,'2018-10-12 14:11:41','A'),(422,2,'2018-10-12 14:11:41','A'),(423,1,'2018-10-12 14:11:41','A'),(423,2,'2018-10-12 14:11:41','A'),(424,1,'2018-10-12 14:12:29','A'),(424,2,'2018-10-12 14:12:29','A'),(425,1,'2018-10-12 14:12:56','A'),(426,1,'2018-10-12 14:12:56','A'),(427,1,'2018-10-12 14:13:03','A'),(428,1,'2018-10-12 14:13:11','A'),(429,1,'2018-10-12 14:14:34','A'),(430,1,'2018-10-12 14:14:43','A'),(431,1,'2018-10-12 14:14:54','A'),(431,2,'2018-10-12 14:14:54','A'),(432,1,'2018-10-12 14:14:54','A'),(432,2,'2018-10-12 14:14:54','A'),(433,1,'2018-10-12 14:16:24','A'),(433,2,'2018-10-12 14:16:24','A'),(434,1,'2018-10-12 14:17:13','A'),(434,2,'2018-10-12 14:17:13','A'),(435,2,'2018-10-12 14:46:09','A'),(438,1,'2018-10-12 14:53:11','A'),(439,2,'2018-10-13 16:32:31','A'),(440,2,'2018-10-13 16:32:31','A'),(441,1,'2018-10-13 16:35:19','A'),(441,2,'2018-10-13 16:35:19','A'),(442,1,'2018-10-13 16:39:30','A'),(442,2,'2018-10-13 16:39:30','A'),(443,1,'2018-10-13 16:39:33','A'),(443,2,'2018-10-13 16:39:33','A'),(444,1,'2018-10-13 16:39:38','A'),(444,2,'2018-10-13 16:39:38','A'),(445,1,'2018-10-13 16:39:38','A'),(445,2,'2018-10-13 16:39:38','A'),(446,1,'2018-10-13 16:41:11','A'),(446,2,'2018-10-13 16:41:11','A'),(447,1,'2018-10-13 16:41:52','A'),(447,2,'2018-10-13 16:41:52','A'),(448,1,'2018-10-13 16:42:05','A'),(448,2,'2018-10-13 16:42:05','A'),(449,1,'2018-10-13 16:43:12','A'),(449,2,'2018-10-13 16:43:12','A'),(450,1,'2018-10-13 16:43:12','A'),(450,2,'2018-10-13 16:43:12','A'),(451,1,'2018-10-13 16:43:25','A'),(451,2,'2018-10-13 16:43:25','A'),(452,1,'2018-10-13 16:43:25','A'),(452,2,'2018-10-13 16:43:25','A'),(453,1,'2018-10-13 16:44:08','A'),(453,2,'2018-10-13 16:44:08','A'),(454,1,'2018-10-13 16:44:15','A'),(454,2,'2018-10-13 16:44:15','A'),(455,1,'2018-10-13 16:44:15','A'),(455,2,'2018-10-13 16:44:15','A'),(456,1,'2018-10-13 16:44:18','A'),(456,2,'2018-10-13 16:44:18','A'),(457,1,'2018-10-13 16:44:20','A'),(457,2,'2018-10-13 16:44:20','A'),(458,1,'2018-10-13 16:44:24','A'),(458,2,'2018-10-13 16:44:24','A'),(459,1,'2018-10-13 16:44:29','A'),(460,1,'2018-10-13 16:44:29','A'),(461,1,'2018-10-13 16:44:31','A'),(462,1,'2018-10-13 16:44:33','A'),(463,1,'2018-10-13 16:46:03','A'),(464,1,'2018-10-13 16:46:06','A'),(465,1,'2018-10-13 16:46:32','A'),(466,1,'2018-10-13 16:47:55','A'),(467,1,'2018-10-13 16:47:55','A'),(468,1,'2018-10-13 16:47:59','A'),(469,1,'2018-10-13 17:33:48','A'),(469,2,'2018-10-13 17:33:48','A'),(470,1,'2018-10-13 17:33:49','A'),(470,2,'2018-10-13 17:33:49','A'),(471,1,'2018-10-13 17:40:51','A'),(471,2,'2018-10-13 17:40:51','A'),(472,1,'2018-10-13 17:40:51','A'),(472,2,'2018-10-13 17:40:51','A'),(473,1,'2018-10-13 17:41:41','A'),(473,2,'2018-10-13 17:41:41','A'),(474,1,'2018-10-13 17:42:12','A'),(474,2,'2018-10-13 17:42:12','A'),(475,1,'2018-10-13 17:43:03','A'),(475,2,'2018-10-13 17:43:03','A'),(476,1,'2018-10-13 17:43:29','A'),(476,2,'2018-10-13 17:43:29','A'),(477,1,'2018-10-13 17:59:16','A'),(477,2,'2018-10-13 17:59:16','A'),(478,2,'2018-10-13 17:59:27','A'),(479,2,'2018-10-13 17:59:27','A'),(480,2,'2018-10-13 18:07:30','A'),(481,1,'2018-10-13 18:07:47','A'),(481,2,'2018-10-13 18:07:47','A'),(482,1,'2018-10-13 18:07:58','A'),(482,2,'2018-10-13 18:07:58','A'),(483,1,'2018-10-13 18:08:14','A'),(483,2,'2018-10-13 18:08:14','A'),(484,1,'2018-10-13 18:09:01','A'),(484,2,'2018-10-13 18:09:01','A'),(485,1,'2018-10-13 18:09:10','A'),(485,2,'2018-10-13 18:09:10','A'),(486,1,'2018-10-13 18:09:23','A'),(486,2,'2018-10-13 18:09:23','A'),(487,1,'2018-10-13 18:09:25','A'),(487,2,'2018-10-13 18:09:25','A'),(488,1,'2018-10-13 18:09:26','A'),(488,2,'2018-10-13 18:09:26','A'),(489,1,'2018-10-13 18:09:28','A'),(489,2,'2018-10-13 18:09:28','A'),(490,1,'2018-10-13 18:09:30','A'),(490,2,'2018-10-13 18:09:30','A'),(491,1,'2018-10-14 13:57:32','A'),(491,2,'2018-10-14 13:57:32','A'),(492,1,'2018-10-14 13:57:32','A'),(492,2,'2018-10-14 13:57:32','A'),(493,1,'2018-10-14 13:57:54','A'),(493,2,'2018-10-14 13:57:54','A'),(494,1,'2018-10-14 13:58:20','A'),(494,2,'2018-10-14 13:58:20','A'),(495,1,'2018-10-14 13:58:42','A'),(495,2,'2018-10-14 13:58:42','A'),(496,1,'2018-10-14 13:58:48','A'),(496,2,'2018-10-14 13:58:48','A'),(497,1,'2018-10-14 13:59:22','A'),(497,2,'2018-10-14 13:59:22','A'),(498,1,'2018-10-14 13:59:37','A'),(498,2,'2018-10-14 13:59:37','A'),(499,1,'2018-10-14 13:59:53','A'),(499,2,'2018-10-14 13:59:53','A'),(500,1,'2018-10-14 14:00:08','A'),(500,2,'2018-10-14 14:00:08','A'),(501,1,'2018-10-14 14:00:30','A'),(501,2,'2018-10-14 14:00:30','A'),(502,1,'2018-10-14 14:00:54','A'),(502,2,'2018-10-14 14:00:54','A'),(503,1,'2018-10-14 14:02:44','A'),(503,2,'2018-10-14 14:02:44','A'),(503,132,'2018-10-14 14:02:44','A'),(504,1,'2018-10-14 14:03:04','A'),(504,2,'2018-10-14 14:03:04','A'),(504,132,'2018-10-14 14:03:04','A'),(505,1,'2018-10-14 14:03:07','A'),(505,2,'2018-10-14 14:03:07','A'),(505,132,'2018-10-14 14:03:07','A'),(506,1,'2018-10-14 14:03:23','A'),(506,2,'2018-10-14 14:03:23','A'),(506,132,'2018-10-14 14:03:23','A'),(507,1,'2018-10-15 12:12:59','A'),(507,2,'2018-10-15 12:12:59','A'),(508,1,'2018-10-15 12:13:00','A'),(508,2,'2018-10-15 12:13:00','A'),(509,1,'2018-10-15 12:14:21','A'),(509,2,'2018-10-15 12:14:21','A'),(510,1,'2018-10-15 12:15:12','A'),(510,2,'2018-10-15 12:15:12','A'),(511,1,'2018-10-15 12:16:22','A'),(511,2,'2018-10-15 12:16:22','A'),(512,1,'2018-10-15 12:17:19','A'),(512,2,'2018-10-15 12:17:19','A'),(512,132,'2018-10-15 12:17:19','I'),(513,1,'2018-10-15 12:17:19','A'),(513,2,'2018-10-15 12:17:19','A'),(513,132,'2018-10-15 12:17:19','I'),(514,1,'2018-10-15 12:17:33','A'),(514,2,'2018-10-15 12:17:33','A'),(514,132,'2018-10-15 12:17:33','I'),(515,1,'2018-10-15 12:17:40','A'),(515,2,'2018-10-15 12:17:40','A'),(515,132,'2018-10-15 12:17:40','I'),(516,1,'2018-10-15 12:17:50','A'),(516,2,'2018-10-15 12:17:50','A'),(516,132,'2018-10-15 12:17:50','I'),(517,1,'2018-10-15 12:23:17','A'),(517,2,'2018-10-15 12:23:17','A'),(517,132,'2018-10-15 12:23:17','I'),(518,1,'2018-10-15 12:35:03','A'),(518,2,'2018-10-15 12:35:03','A'),(519,1,'2018-10-15 12:35:03','A'),(519,2,'2018-10-15 12:35:03','A'),(520,1,'2018-10-15 13:11:10','A'),(520,2,'2018-10-15 13:11:10','A'),(520,132,'2018-10-15 13:11:10','I'),(521,1,'2018-10-15 13:14:17','A'),(521,2,'2018-10-15 13:14:17','A'),(522,1,'2018-10-15 13:15:11','A'),(522,2,'2018-10-15 13:15:11','A'),(523,1,'2018-10-15 13:15:11','A'),(523,2,'2018-10-15 13:15:11','A'),(524,1,'2018-10-15 13:59:59','A'),(524,2,'2018-10-15 13:59:59','A'),(525,1,'2018-10-15 14:00:23','A'),(525,2,'2018-10-15 14:00:23','A'),(526,1,'2018-10-15 14:00:40','A'),(526,2,'2018-10-15 14:00:40','A'),(527,1,'2018-10-15 14:01:03','A'),(527,2,'2018-10-15 14:01:03','A'),(528,1,'2018-10-15 14:01:10','A'),(528,2,'2018-10-15 14:01:10','A'),(529,1,'2018-10-15 14:01:43','A'),(529,2,'2018-10-15 14:01:43','A'),(530,1,'2018-10-15 14:02:20','A'),(530,2,'2018-10-15 14:02:20','A'),(531,1,'2018-10-15 14:02:25','A'),(531,2,'2018-10-15 14:02:25','A'),(532,1,'2018-10-15 14:02:28','A'),(532,2,'2018-10-15 14:02:28','A'),(533,1,'2018-10-15 14:02:29','A'),(533,2,'2018-10-15 14:02:29','A'),(534,1,'2018-10-15 14:02:56','A'),(534,2,'2018-10-15 14:02:56','A'),(535,1,'2018-10-15 14:02:59','A'),(535,2,'2018-10-15 14:02:59','A'),(536,1,'2018-10-15 14:03:03','A'),(536,2,'2018-10-15 14:03:03','A'),(537,1,'2018-10-15 14:03:15','A'),(537,2,'2018-10-15 14:03:15','A'),(538,1,'2018-10-15 14:03:16','A'),(538,2,'2018-10-15 14:03:16','A'),(539,1,'2018-10-15 14:03:17','A'),(539,2,'2018-10-15 14:03:17','A'),(540,1,'2018-10-15 14:03:30','A'),(540,2,'2018-10-15 14:03:30','A'),(541,1,'2018-10-15 14:03:34','A'),(541,2,'2018-10-15 14:03:34','A'),(542,1,'2018-10-15 14:34:37','A'),(543,1,'2018-10-18 15:58:58','I'),(544,1,'2018-10-18 15:58:58','I'),(545,1,'2018-10-24 15:09:29','A'),(545,2,'2018-10-24 15:09:29','A'),(546,1,'2018-10-24 15:09:30','A'),(546,2,'2018-10-24 15:09:30','A'),(547,1,'2018-10-24 15:09:31','A'),(547,2,'2018-10-24 15:09:31','A'),(548,1,'2018-10-24 15:09:32','A'),(548,2,'2018-10-24 15:09:32','A'),(549,1,'2018-10-24 15:09:33','A'),(549,2,'2018-10-24 15:09:33','A'),(550,1,'2018-10-24 15:09:46','A'),(550,2,'2018-10-24 15:09:46','A'),(551,1,'2018-10-24 15:09:47','A'),(551,2,'2018-10-24 15:09:47','A'),(552,1,'2018-10-24 15:10:05','A'),(552,2,'2018-10-24 15:10:05','A'),(553,1,'2018-10-24 15:10:11','A'),(553,2,'2018-10-24 15:10:11','A'),(554,1,'2018-10-24 15:10:19','A'),(554,2,'2018-10-24 15:10:19','A'),(555,1,'2018-10-24 15:10:23','A'),(555,2,'2018-10-24 15:10:23','A'),(556,1,'2018-10-24 15:10:27','A'),(556,2,'2018-10-24 15:10:27','A'),(557,1,'2018-10-24 15:10:32','A'),(557,2,'2018-10-24 15:10:32','A'),(558,1,'2018-10-24 15:11:47','A'),(558,2,'2018-10-24 15:11:47','A'),(559,1,'2018-10-24 15:14:06','A'),(559,2,'2018-10-24 15:14:06','A'),(560,1,'2018-10-24 15:15:14','A'),(560,2,'2018-10-24 15:15:14','A'),(561,1,'2018-10-24 15:15:20','A'),(561,2,'2018-10-24 15:15:20','A'),(562,1,'2018-10-24 15:15:29','A'),(562,2,'2018-10-24 15:15:29','A'),(563,1,'2018-10-24 15:15:38','A'),(563,2,'2018-10-24 15:15:38','A'),(564,1,'2018-10-24 15:16:00','A'),(564,2,'2018-10-24 15:16:00','A'),(565,1,'2018-10-24 15:16:04','A'),(565,2,'2018-10-24 15:16:04','A'),(566,1,'2018-10-24 15:16:08','A'),(566,2,'2018-10-24 15:16:08','A'),(567,1,'2018-10-24 15:16:33','A'),(567,2,'2018-10-24 15:16:33','A'),(568,1,'2018-10-24 15:17:07','A'),(568,2,'2018-10-24 15:17:07','A'),(569,1,'2018-10-24 15:17:18','A'),(569,2,'2018-10-24 15:17:18','A'),(570,1,'2018-10-24 15:17:29','A'),(570,2,'2018-10-24 15:17:29','A'),(571,1,'2018-10-24 15:17:55','A'),(571,2,'2018-10-24 15:17:55','A'),(572,1,'2018-10-24 15:18:33','A'),(572,2,'2018-10-24 15:18:33','A'),(573,1,'2018-10-24 15:18:38','A'),(573,2,'2018-10-24 15:18:38','A'),(574,1,'2018-10-24 15:18:47','A'),(574,2,'2018-10-24 15:18:47','A'),(575,1,'2018-10-24 15:18:51','A'),(575,2,'2018-10-24 15:18:51','A'),(576,1,'2018-10-24 15:18:58','A'),(576,2,'2018-10-24 15:18:58','A'),(577,1,'2018-10-24 15:19:30','A'),(577,2,'2018-10-24 15:19:30','A'),(578,1,'2018-10-24 15:19:31','A'),(578,2,'2018-10-24 15:19:31','A'),(579,1,'2018-10-24 15:19:31','A'),(579,2,'2018-10-24 15:19:31','A'),(580,1,'2018-10-24 15:19:32','A'),(580,2,'2018-10-24 15:19:32','A'),(581,1,'2018-10-24 15:19:33','A'),(581,2,'2018-10-24 15:19:33','A'),(582,1,'2018-10-24 15:19:51','A'),(582,2,'2018-10-24 15:19:51','A'),(583,1,'2018-10-24 15:39:31','A'),(583,2,'2018-10-24 15:39:31','A'),(584,1,'2018-10-24 15:39:33','A'),(584,2,'2018-10-24 15:39:33','A'),(585,1,'2018-10-24 15:39:40','A'),(585,2,'2018-10-24 15:39:40','A'),(586,1,'2018-10-24 15:39:44','A'),(586,2,'2018-10-24 15:39:44','A'),(587,1,'2018-10-24 15:39:47','A'),(587,2,'2018-10-24 15:39:47','A'),(588,1,'2018-10-24 15:39:50','A'),(588,2,'2018-10-24 15:39:50','A'),(589,1,'2018-10-24 15:39:53','A'),(589,2,'2018-10-24 15:39:53','A'),(590,1,'2018-10-24 15:39:53','A'),(590,2,'2018-10-24 15:39:53','A'),(591,1,'2018-10-24 15:39:57','A'),(591,2,'2018-10-24 15:39:57','A'),(592,1,'2018-10-24 15:40:03','A'),(592,2,'2018-10-24 15:40:03','A'),(593,1,'2018-10-24 15:40:07','A'),(593,2,'2018-10-24 15:40:07','A'),(594,1,'2018-10-24 15:40:14','A'),(594,2,'2018-10-24 15:40:14','A'),(595,1,'2018-10-24 15:46:05','A'),(596,1,'2018-10-24 15:46:05','A'),(597,1,'2018-10-24 15:46:17','A'),(597,2,'2018-10-24 15:46:17','A'),(598,1,'2018-10-24 15:46:20','A'),(598,2,'2018-10-24 15:46:20','A'),(599,1,'2018-10-24 15:46:25','A'),(599,2,'2018-10-24 15:46:25','A'),(600,1,'2018-10-24 15:46:25','A'),(600,2,'2018-10-24 15:46:25','A'),(601,1,'2018-10-24 15:46:26','A'),(601,2,'2018-10-24 15:46:26','A'),(602,1,'2018-10-24 15:46:27','A'),(602,2,'2018-10-24 15:46:27','A'),(603,1,'2018-10-24 15:46:28','A'),(603,2,'2018-10-24 15:46:28','A'),(604,1,'2018-10-24 15:46:28','A'),(604,2,'2018-10-24 15:46:28','A'),(605,1,'2018-10-24 15:46:29','A'),(605,2,'2018-10-24 15:46:29','A'),(606,1,'2018-10-24 15:46:29','A'),(606,2,'2018-10-24 15:46:29','A'),(607,1,'2018-10-24 15:46:30','A'),(607,2,'2018-10-24 15:46:30','A'),(608,1,'2018-10-24 15:46:31','A'),(608,2,'2018-10-24 15:46:31','A'),(609,1,'2018-10-24 15:46:32','A'),(609,2,'2018-10-24 15:46:32','A'),(610,1,'2018-10-24 15:46:32','A'),(610,2,'2018-10-24 15:46:32','A'),(611,1,'2018-10-24 15:46:33','A'),(611,2,'2018-10-24 15:46:33','A'),(612,1,'2018-10-24 15:46:34','A'),(612,2,'2018-10-24 15:46:34','A'),(613,1,'2018-10-24 15:46:34','A'),(613,2,'2018-10-24 15:46:34','A'),(614,1,'2018-10-24 15:46:35','A'),(614,2,'2018-10-24 15:46:35','A'),(615,1,'2018-10-24 15:46:36','A'),(615,2,'2018-10-24 15:46:36','A'),(616,1,'2018-10-24 15:46:37','A'),(616,2,'2018-10-24 15:46:37','A'),(617,1,'2018-10-24 15:46:38','A'),(617,2,'2018-10-24 15:46:38','A'),(618,1,'2018-10-24 15:46:39','A'),(618,2,'2018-10-24 15:46:39','A'),(619,1,'2018-10-24 15:46:45','A'),(619,2,'2018-10-24 15:46:45','A'),(620,1,'2018-10-24 15:46:46','A'),(620,2,'2018-10-24 15:46:46','A'),(621,1,'2018-10-24 15:46:47','A'),(621,2,'2018-10-24 15:46:47','A'),(622,1,'2018-10-24 15:46:48','A'),(622,2,'2018-10-24 15:46:48','A'),(623,1,'2018-10-24 15:46:48','A'),(623,2,'2018-10-24 15:46:48','A'),(624,1,'2018-10-24 15:46:49','A'),(624,2,'2018-10-24 15:46:49','A'),(625,1,'2018-10-24 15:46:50','A'),(625,2,'2018-10-24 15:46:50','A'),(626,1,'2018-10-24 15:46:51','A'),(626,2,'2018-10-24 15:46:51','A'),(627,1,'2018-10-24 15:46:52','A'),(627,2,'2018-10-24 15:46:52','A'),(628,1,'2018-10-24 15:46:53','A'),(628,2,'2018-10-24 15:46:53','A'),(629,1,'2018-10-24 15:46:53','A'),(629,2,'2018-10-24 15:46:53','A'),(630,1,'2018-10-24 15:46:54','A'),(630,2,'2018-10-24 15:46:54','A'),(631,1,'2018-10-24 15:46:55','A'),(631,2,'2018-10-24 15:46:55','A'),(632,1,'2018-10-24 15:46:55','A'),(632,2,'2018-10-24 15:46:55','A'),(633,1,'2018-10-24 16:00:10','A'),(633,2,'2018-10-24 16:00:10','A'),(634,1,'2018-10-24 16:00:11','A'),(634,2,'2018-10-24 16:00:11','A'),(635,1,'2018-10-24 16:00:12','A'),(635,2,'2018-10-24 16:00:12','A'),(636,1,'2018-10-24 16:00:20','A'),(636,2,'2018-10-24 16:00:20','A'),(637,1,'2018-10-24 16:00:21','A'),(637,2,'2018-10-24 16:00:21','A'),(638,1,'2018-10-24 16:00:24','A'),(638,2,'2018-10-24 16:00:24','A'),(639,1,'2018-10-24 16:00:25','A'),(639,2,'2018-10-24 16:00:25','A'),(640,1,'2018-10-24 16:00:26','A'),(640,2,'2018-10-24 16:00:26','A'),(641,1,'2018-10-24 16:00:27','A'),(641,2,'2018-10-24 16:00:27','A'),(642,1,'2018-10-24 16:03:38','A'),(642,2,'2018-10-24 16:03:38','A'),(643,1,'2018-10-24 16:03:39','A'),(643,2,'2018-10-24 16:03:39','A'),(644,1,'2018-10-24 16:03:42','A'),(644,2,'2018-10-24 16:03:42','A'),(645,1,'2018-10-24 16:04:22','A'),(645,2,'2018-10-24 16:04:22','A'),(646,1,'2018-10-24 16:04:24','A'),(646,2,'2018-10-24 16:04:24','A'),(647,1,'2018-10-24 16:29:36','A'),(647,2,'2018-10-24 16:29:36','A'),(648,1,'2018-10-24 17:09:45','A'),(648,2,'2018-10-24 17:09:45','A'),(649,1,'2018-10-25 16:30:03','A'),(649,2,'2018-10-25 16:30:03','A'),(650,1,'2018-10-25 16:30:03','A'),(650,2,'2018-10-25 16:30:03','A'),(651,1,'2018-10-25 16:31:17','A'),(651,2,'2018-10-25 16:31:17','A'),(652,1,'2018-10-25 16:31:31','A'),(652,2,'2018-10-25 16:31:31','A'),(653,1,'2018-10-25 16:31:39','A'),(653,2,'2018-10-25 16:31:39','A'),(654,1,'2018-10-25 16:31:40','A'),(654,2,'2018-10-25 16:31:40','A'),(655,1,'2018-10-25 16:31:41','A'),(655,2,'2018-10-25 16:31:41','A'),(656,1,'2018-10-25 16:35:38','A'),(656,2,'2018-10-25 16:35:38','A'),(657,1,'2018-10-25 16:35:38','A'),(657,2,'2018-10-25 16:35:38','A'),(658,1,'2018-10-25 16:36:35','A'),(658,2,'2018-10-25 16:36:35','A'),(659,1,'2018-10-25 16:36:42','A'),(659,2,'2018-10-25 16:36:42','A'),(660,1,'2018-10-25 16:36:44','A'),(660,2,'2018-10-25 16:36:44','A'),(661,1,'2018-10-25 16:37:29','A'),(661,2,'2018-10-25 16:37:29','A'),(662,1,'2018-10-25 16:37:43','A'),(662,2,'2018-10-25 16:37:43','A'),(663,1,'2018-10-25 16:37:52','A'),(663,2,'2018-10-25 16:37:52','A'),(664,1,'2018-10-25 16:37:52','A'),(664,2,'2018-10-25 16:37:52','A'),(665,1,'2018-10-25 16:37:53','A'),(665,2,'2018-10-25 16:37:53','A'),(666,1,'2018-10-25 16:37:54','A'),(666,2,'2018-10-25 16:37:54','A'),(667,1,'2018-10-25 16:37:55','A'),(667,2,'2018-10-25 16:37:55','A'),(668,1,'2018-10-25 16:38:47','A'),(668,2,'2018-10-25 16:38:47','A'),(669,1,'2018-10-25 16:40:53','A'),(669,2,'2018-10-25 16:40:53','A'),(670,1,'2018-10-25 16:40:58','A'),(670,2,'2018-10-25 16:40:58','A'),(671,1,'2018-10-25 16:41:24','A'),(671,2,'2018-10-25 16:41:24','A'),(672,1,'2018-10-25 16:41:29','A'),(672,2,'2018-10-25 16:41:29','A'),(673,1,'2018-10-25 16:41:34','A'),(673,2,'2018-10-25 16:41:34','A'),(674,1,'2018-10-25 16:41:35','A'),(674,2,'2018-10-25 16:41:35','A'),(675,1,'2018-10-25 16:41:39','A'),(675,2,'2018-10-25 16:41:39','A'),(676,1,'2018-10-25 16:41:43','A'),(676,2,'2018-10-25 16:41:43','A'),(677,1,'2018-10-25 16:41:57','A'),(677,2,'2018-10-25 16:41:57','A'),(678,1,'2018-10-25 16:41:58','A'),(678,2,'2018-10-25 16:41:58','A'),(679,1,'2018-10-25 16:41:59','A'),(679,2,'2018-10-25 16:41:59','A'),(680,1,'2018-10-25 16:42:11','A'),(680,2,'2018-10-25 16:42:11','A'),(681,1,'2018-10-25 16:42:12','A'),(681,2,'2018-10-25 16:42:12','A'),(682,1,'2018-10-25 16:42:13','A'),(682,2,'2018-10-25 16:42:13','A'),(683,1,'2018-10-25 16:42:13','A'),(683,2,'2018-10-25 16:42:13','A'),(684,1,'2018-10-25 16:42:13','A'),(684,2,'2018-10-25 16:42:13','A'),(685,1,'2018-10-25 16:42:14','A'),(685,2,'2018-10-25 16:42:14','A'),(686,1,'2018-10-25 16:42:14','A'),(686,2,'2018-10-25 16:42:14','A'),(687,1,'2018-10-25 16:42:14','A'),(687,2,'2018-10-25 16:42:14','A'),(688,1,'2018-10-25 16:42:15','A'),(688,2,'2018-10-25 16:42:15','A'),(689,1,'2018-10-25 16:42:15','A'),(689,2,'2018-10-25 16:42:15','A'),(690,1,'2018-10-25 16:42:15','A'),(690,2,'2018-10-25 16:42:15','A'),(691,1,'2018-10-25 16:42:15','A'),(691,2,'2018-10-25 16:42:15','A'),(692,1,'2018-10-27 16:05:44','A'),(692,2,'2018-10-27 16:05:44','A'),(693,1,'2018-10-27 16:05:44','A'),(693,2,'2018-10-27 16:05:44','A'),(694,1,'2018-10-27 16:05:44','A'),(694,2,'2018-10-27 16:05:44','A'),(695,1,'2018-10-27 16:05:45','A'),(695,2,'2018-10-27 16:05:45','A'),(696,1,'2018-10-27 16:05:45','A'),(696,2,'2018-10-27 16:05:45','A'),(697,1,'2018-10-27 16:05:46','A'),(697,2,'2018-10-27 16:05:46','A'),(698,1,'2018-10-27 16:06:06','A'),(698,2,'2018-10-27 16:06:06','A'),(699,1,'2018-10-27 16:06:13','A'),(699,2,'2018-10-27 16:06:13','A'),(700,1,'2018-10-27 16:06:24','A'),(700,2,'2018-10-27 16:06:24','A'),(701,1,'2018-10-27 16:06:30','A'),(701,2,'2018-10-27 16:06:30','A'),(702,1,'2018-10-27 16:06:39','A'),(702,2,'2018-10-27 16:06:39','A'),(703,1,'2018-10-27 16:06:43','A'),(703,2,'2018-10-27 16:06:43','A'),(704,1,'2018-10-27 16:27:06','A'),(704,2,'2018-10-27 16:27:06','A'),(705,1,'2018-10-27 16:27:07','A'),(705,2,'2018-10-27 16:27:07','A'),(706,1,'2018-10-27 16:27:08','A'),(706,2,'2018-10-27 16:27:08','A'),(707,1,'2018-10-27 16:27:08','A'),(707,2,'2018-10-27 16:27:08','A'),(708,1,'2018-10-27 16:27:09','A'),(708,2,'2018-10-27 16:27:09','A'),(709,1,'2018-10-27 16:27:09','A'),(709,2,'2018-10-27 16:27:09','A'),(710,1,'2018-10-27 16:27:10','A'),(710,2,'2018-10-27 16:27:10','A'),(711,1,'2018-10-27 16:27:10','A'),(711,2,'2018-10-27 16:27:10','A'),(712,1,'2018-10-27 16:27:11','A'),(712,2,'2018-10-27 16:27:11','A'),(713,1,'2018-10-27 16:27:44','A'),(713,2,'2018-10-27 16:27:44','A'),(714,1,'2018-10-27 16:27:51','A'),(714,2,'2018-10-27 16:27:51','A'),(715,1,'2018-10-27 16:27:59','A'),(715,2,'2018-10-27 16:27:59','A'),(716,1,'2018-10-27 16:29:01','A'),(716,2,'2018-10-27 16:29:01','A'),(717,1,'2018-10-27 16:29:02','A'),(717,2,'2018-10-27 16:29:02','A'),(718,1,'2018-10-27 16:29:02','A'),(718,2,'2018-10-27 16:29:02','A'),(719,1,'2018-10-27 16:29:03','A'),(719,2,'2018-10-27 16:29:03','A'),(720,1,'2018-10-27 16:29:04','A'),(720,2,'2018-10-27 16:29:04','A'),(721,1,'2018-10-27 16:29:04','A'),(721,2,'2018-10-27 16:29:04','A'),(722,1,'2018-10-27 16:32:21','A'),(722,2,'2018-10-27 16:32:21','A'),(722,132,'2018-10-27 16:32:21','I'),(723,1,'2018-10-27 16:32:21','A'),(723,2,'2018-10-27 16:32:21','A'),(723,132,'2018-10-27 16:32:21','I'),(724,1,'2018-10-27 16:32:22','A'),(724,2,'2018-10-27 16:32:22','A'),(724,132,'2018-10-27 16:32:22','I'),(725,1,'2018-10-27 16:32:22','A'),(725,2,'2018-10-27 16:32:22','A'),(725,132,'2018-10-27 16:32:22','I'),(726,1,'2018-10-27 16:32:23','A'),(726,2,'2018-10-27 16:32:23','A'),(726,132,'2018-10-27 16:32:23','I'),(727,1,'2018-10-27 16:32:23','A'),(727,2,'2018-10-27 16:32:23','A'),(727,132,'2018-10-27 16:32:23','I'),(728,1,'2018-10-27 16:32:24','A'),(728,2,'2018-10-27 16:32:24','A'),(728,132,'2018-10-27 16:32:24','I'),(729,1,'2018-10-27 16:33:40','A'),(729,2,'2018-10-27 16:33:40','A'),(730,1,'2018-10-27 16:33:42','A'),(730,2,'2018-10-27 16:33:42','A'),(731,1,'2018-10-27 16:33:43','A'),(731,2,'2018-10-27 16:33:43','A'),(732,1,'2018-10-27 16:34:09','A'),(732,2,'2018-10-27 16:34:09','A'),(733,1,'2018-10-27 16:34:40','A'),(733,2,'2018-10-27 16:34:40','A'),(733,132,'2018-10-27 16:34:40','I'),(734,1,'2018-10-27 16:34:41','A'),(734,2,'2018-10-27 16:34:41','A'),(734,132,'2018-10-27 16:34:41','I'),(735,1,'2018-10-27 16:34:41','A'),(735,2,'2018-10-27 16:34:41','A'),(735,132,'2018-10-27 16:34:41','I'),(736,1,'2018-10-27 16:34:42','A'),(736,2,'2018-10-27 16:34:42','A'),(736,132,'2018-10-27 16:34:42','I'),(737,1,'2018-10-27 16:34:42','A'),(737,2,'2018-10-27 16:34:42','A'),(737,132,'2018-10-27 16:34:42','I'),(738,1,'2018-10-27 16:34:43','A'),(738,2,'2018-10-27 16:34:43','A'),(738,132,'2018-10-27 16:34:43','I'),(739,1,'2018-10-27 16:34:43','A'),(739,2,'2018-10-27 16:34:43','A'),(739,132,'2018-10-27 16:34:43','I'),(740,1,'2018-10-27 16:34:44','A'),(740,2,'2018-10-27 16:34:44','A'),(740,132,'2018-10-27 16:34:44','I'),(741,1,'2018-10-27 16:34:44','A'),(741,2,'2018-10-27 16:34:44','A'),(741,132,'2018-10-27 16:34:44','I'),(742,1,'2018-10-27 16:34:44','A'),(742,2,'2018-10-27 16:34:44','A'),(742,132,'2018-10-27 16:34:44','I'),(743,1,'2018-10-27 16:34:46','A'),(743,2,'2018-10-27 16:34:46','A'),(743,132,'2018-10-27 16:34:46','I'),(744,1,'2018-10-27 16:35:26','A'),(744,2,'2018-10-27 16:35:26','A'),(744,132,'2018-10-27 16:35:26','I'),(745,1,'2018-10-27 16:35:27','A'),(745,2,'2018-10-27 16:35:27','A'),(745,132,'2018-10-27 16:35:27','I'),(746,1,'2018-10-27 16:35:27','A'),(746,2,'2018-10-27 16:35:27','A'),(746,132,'2018-10-27 16:35:27','I'),(747,1,'2018-10-27 16:35:28','A'),(747,2,'2018-10-27 16:35:28','A'),(747,132,'2018-10-27 16:35:28','I'),(748,1,'2018-10-27 16:35:28','A'),(748,2,'2018-10-27 16:35:28','A'),(748,132,'2018-10-27 16:35:28','I'),(749,1,'2018-10-27 16:35:47','A'),(749,2,'2018-10-27 16:35:47','A'),(749,132,'2018-10-27 16:35:47','I'),(750,1,'2018-10-27 16:35:48','A'),(750,2,'2018-10-27 16:35:48','A'),(750,132,'2018-10-27 16:35:48','I'),(751,1,'2018-10-27 16:35:48','A'),(751,2,'2018-10-27 16:35:48','A'),(751,132,'2018-10-27 16:35:48','I'),(752,1,'2018-10-27 16:35:49','A'),(752,2,'2018-10-27 16:35:49','A'),(752,132,'2018-10-27 16:35:49','I'),(753,1,'2018-10-27 16:35:49','A'),(753,2,'2018-10-27 16:35:49','A'),(753,132,'2018-10-27 16:35:49','I'),(754,1,'2018-10-27 16:35:50','A'),(754,2,'2018-10-27 16:35:50','A'),(754,132,'2018-10-27 16:35:50','I'),(755,1,'2018-10-27 16:35:50','A'),(755,2,'2018-10-27 16:35:50','A'),(755,132,'2018-10-27 16:35:50','I'),(756,1,'2018-10-27 16:35:51','A'),(756,2,'2018-10-27 16:35:51','A'),(756,132,'2018-10-27 16:35:51','I'),(757,1,'2018-10-27 16:37:13','A'),(757,2,'2018-10-27 16:37:13','A'),(757,132,'2018-10-27 16:37:13','I'),(758,1,'2018-10-27 16:37:14','A'),(758,2,'2018-10-27 16:37:14','A'),(758,132,'2018-10-27 16:37:14','I'),(759,1,'2018-10-27 16:37:15','A'),(759,2,'2018-10-27 16:37:15','A'),(759,132,'2018-10-27 16:37:15','I'),(760,1,'2018-10-27 16:37:15','A'),(760,2,'2018-10-27 16:37:15','A'),(760,132,'2018-10-27 16:37:15','I'),(761,1,'2018-10-27 16:37:16','A'),(761,2,'2018-10-27 16:37:16','A'),(761,132,'2018-10-27 16:37:16','I'),(762,1,'2018-10-27 16:37:16','A'),(762,2,'2018-10-27 16:37:16','A'),(762,132,'2018-10-27 16:37:16','I'),(763,1,'2018-10-27 16:37:17','A'),(763,2,'2018-10-27 16:37:17','A'),(763,132,'2018-10-27 16:37:17','I'),(764,1,'2018-10-27 16:37:18','A'),(764,2,'2018-10-27 16:37:18','A'),(764,132,'2018-10-27 16:37:18','I'),(765,1,'2018-10-27 16:37:18','A'),(765,2,'2018-10-27 16:37:18','A'),(765,132,'2018-10-27 16:37:18','I'),(766,1,'2018-10-27 16:37:19','A'),(766,2,'2018-10-27 16:37:19','A'),(766,132,'2018-10-27 16:37:19','I'),(767,1,'2018-10-27 16:37:36','A'),(767,2,'2018-10-27 16:37:36','A'),(767,132,'2018-10-27 16:37:36','I'),(768,1,'2018-10-27 16:37:36','A'),(768,2,'2018-10-27 16:37:36','A'),(768,132,'2018-10-27 16:37:36','I'),(769,1,'2018-10-27 16:37:37','A'),(769,2,'2018-10-27 16:37:37','A'),(769,132,'2018-10-27 16:37:37','I'),(770,1,'2018-10-27 16:38:21','A'),(770,2,'2018-10-27 16:38:21','A'),(770,132,'2018-10-27 16:38:21','I'),(771,1,'2018-10-27 16:38:22','A'),(771,2,'2018-10-27 16:38:22','A'),(771,132,'2018-10-27 16:38:22','I'),(772,1,'2018-10-27 16:38:23','A'),(772,2,'2018-10-27 16:38:23','A'),(772,132,'2018-10-27 16:38:23','I'),(773,1,'2018-10-27 16:39:05','A'),(773,2,'2018-10-27 16:39:05','A'),(773,132,'2018-10-27 16:39:05','I'),(774,1,'2018-10-27 16:39:06','A'),(774,2,'2018-10-27 16:39:06','A'),(774,132,'2018-10-27 16:39:06','I'),(775,1,'2018-10-27 16:39:06','A'),(775,2,'2018-10-27 16:39:06','A'),(775,132,'2018-10-27 16:39:06','I'),(776,1,'2018-10-27 16:39:07','A'),(776,2,'2018-10-27 16:39:07','A'),(776,132,'2018-10-27 16:39:07','I'),(777,1,'2018-10-27 16:39:07','A'),(777,2,'2018-10-27 16:39:07','A'),(777,132,'2018-10-27 16:39:07','I'),(778,1,'2018-10-27 16:39:07','A'),(778,2,'2018-10-27 16:39:07','A'),(778,132,'2018-10-27 16:39:07','I'),(779,1,'2018-10-27 16:39:20','A'),(779,2,'2018-10-27 16:39:20','A'),(779,132,'2018-10-27 16:39:20','I'),(780,1,'2018-10-27 16:39:23','A'),(780,2,'2018-10-27 16:39:23','A'),(780,132,'2018-10-27 16:39:23','I'),(781,1,'2018-10-27 16:39:36','A'),(781,2,'2018-10-27 16:39:36','A'),(781,132,'2018-10-27 16:39:36','I'),(782,1,'2018-10-27 16:39:36','A'),(782,2,'2018-10-27 16:39:36','A'),(782,132,'2018-10-27 16:39:36','I'),(783,1,'2018-10-27 16:39:37','A'),(783,2,'2018-10-27 16:39:37','A'),(783,132,'2018-10-27 16:39:37','I'),(784,1,'2018-10-27 16:39:37','A'),(784,2,'2018-10-27 16:39:37','A'),(784,132,'2018-10-27 16:39:37','I'),(785,1,'2018-10-27 16:39:38','A'),(785,2,'2018-10-27 16:39:38','A'),(785,132,'2018-10-27 16:39:38','I'),(786,1,'2018-10-27 16:40:40','A'),(786,2,'2018-10-27 16:40:40','A'),(786,132,'2018-10-27 16:40:40','I'),(787,1,'2018-10-27 16:40:40','A'),(787,2,'2018-10-27 16:40:40','A'),(787,132,'2018-10-27 16:40:40','I'),(788,1,'2018-10-27 16:40:41','A'),(788,2,'2018-10-27 16:40:41','A'),(788,132,'2018-10-27 16:40:41','I'),(789,1,'2018-10-27 16:40:41','A'),(789,2,'2018-10-27 16:40:41','A'),(789,132,'2018-10-27 16:40:41','I'),(790,1,'2018-10-27 16:40:42','A'),(790,2,'2018-10-27 16:40:42','A'),(790,132,'2018-10-27 16:40:42','I'),(791,1,'2018-10-27 16:41:06','A'),(791,2,'2018-10-27 16:41:06','A'),(791,132,'2018-10-27 16:41:06','I'),(792,1,'2018-10-27 16:41:14','A'),(792,2,'2018-10-27 16:41:14','A'),(792,132,'2018-10-27 16:41:14','I'),(793,1,'2018-10-27 16:41:22','A'),(793,2,'2018-10-27 16:41:22','A'),(793,132,'2018-10-27 16:41:22','I'),(794,1,'2018-10-27 16:41:22','A'),(794,2,'2018-10-27 16:41:22','A'),(794,132,'2018-10-27 16:41:22','I'),(795,1,'2018-10-27 16:41:23','A'),(795,2,'2018-10-27 16:41:23','A'),(795,132,'2018-10-27 16:41:23','I'),(796,1,'2018-10-27 16:41:23','A'),(796,2,'2018-10-27 16:41:23','A'),(796,132,'2018-10-27 16:41:23','I'),(797,1,'2018-10-27 16:41:23','A'),(797,2,'2018-10-27 16:41:23','A'),(797,132,'2018-10-27 16:41:23','I'),(798,1,'2018-10-27 16:41:24','A'),(798,2,'2018-10-27 16:41:24','A'),(798,132,'2018-10-27 16:41:24','I'),(799,1,'2018-10-27 16:41:24','A'),(799,2,'2018-10-27 16:41:24','A'),(799,132,'2018-10-27 16:41:24','I'),(800,1,'2018-10-27 16:41:24','A'),(800,2,'2018-10-27 16:41:24','A'),(800,132,'2018-10-27 16:41:24','I'),(801,1,'2018-10-27 16:41:25','A'),(801,2,'2018-10-27 16:41:25','A'),(801,132,'2018-10-27 16:41:25','I'),(802,1,'2018-10-27 16:42:08','A'),(802,2,'2018-10-27 16:42:08','A'),(802,132,'2018-10-27 16:42:08','I'),(803,1,'2018-10-27 16:42:08','A'),(803,2,'2018-10-27 16:42:08','A'),(803,132,'2018-10-27 16:42:08','I'),(804,1,'2018-10-27 16:42:09','A'),(804,2,'2018-10-27 16:42:09','A'),(804,132,'2018-10-27 16:42:09','I'),(805,1,'2018-10-27 16:42:09','A'),(805,2,'2018-10-27 16:42:09','A'),(805,132,'2018-10-27 16:42:09','I'),(806,1,'2018-10-27 16:42:20','A'),(806,2,'2018-10-27 16:42:20','A'),(806,132,'2018-10-27 16:42:20','I'),(807,1,'2018-10-27 16:42:20','A'),(807,2,'2018-10-27 16:42:20','A'),(807,132,'2018-10-27 16:42:20','I'),(808,1,'2018-10-27 16:42:21','A'),(808,2,'2018-10-27 16:42:21','A'),(808,132,'2018-10-27 16:42:21','I'),(809,1,'2018-10-27 16:42:21','A'),(809,2,'2018-10-27 16:42:21','A'),(809,132,'2018-10-27 16:42:21','I'),(810,1,'2018-10-27 16:42:22','A'),(810,2,'2018-10-27 16:42:22','A'),(810,132,'2018-10-27 16:42:22','I'),(811,1,'2018-10-27 16:42:54','A'),(811,2,'2018-10-27 16:42:54','A'),(811,132,'2018-10-27 16:42:54','I'),(812,1,'2018-10-27 16:42:55','A'),(812,2,'2018-10-27 16:42:55','A'),(812,132,'2018-10-27 16:42:55','I'),(813,1,'2018-10-27 16:42:55','A'),(813,2,'2018-10-27 16:42:55','A'),(813,132,'2018-10-27 16:42:55','I'),(814,1,'2018-10-27 16:42:56','A'),(814,2,'2018-10-27 16:42:56','A'),(814,132,'2018-10-27 16:42:56','I'),(815,1,'2018-10-27 16:43:05','A'),(815,2,'2018-10-27 16:43:05','A'),(815,132,'2018-10-27 16:43:05','I'),(816,1,'2018-10-27 16:43:05','A'),(816,2,'2018-10-27 16:43:05','A'),(816,132,'2018-10-27 16:43:05','I'),(817,1,'2018-10-27 16:43:06','A'),(817,2,'2018-10-27 16:43:06','A'),(817,132,'2018-10-27 16:43:06','I'),(818,1,'2018-10-27 16:43:07','A'),(818,2,'2018-10-27 16:43:07','A'),(818,132,'2018-10-27 16:43:07','I'),(819,1,'2018-10-27 16:43:07','A'),(819,2,'2018-10-27 16:43:07','A'),(819,132,'2018-10-27 16:43:07','I'),(820,1,'2018-10-27 16:43:08','A'),(820,2,'2018-10-27 16:43:08','A'),(820,132,'2018-10-27 16:43:08','I'),(821,1,'2018-10-27 16:43:46','A'),(821,2,'2018-10-27 16:43:46','A'),(821,132,'2018-10-27 16:43:46','I'),(822,1,'2018-10-27 16:43:47','A'),(822,2,'2018-10-27 16:43:47','A'),(822,132,'2018-10-27 16:43:47','I'),(823,1,'2018-10-27 16:43:47','A'),(823,2,'2018-10-27 16:43:47','A'),(823,132,'2018-10-27 16:43:47','I'),(824,1,'2018-10-27 16:43:48','A'),(824,2,'2018-10-27 16:43:48','A'),(824,132,'2018-10-27 16:43:48','I'),(825,1,'2018-10-27 16:43:48','A'),(825,2,'2018-10-27 16:43:48','A'),(825,132,'2018-10-27 16:43:48','I'),(826,1,'2018-10-27 16:43:48','A'),(826,2,'2018-10-27 16:43:48','A'),(826,132,'2018-10-27 16:43:48','I'),(827,1,'2018-10-27 16:43:49','A'),(827,2,'2018-10-27 16:43:49','A'),(827,132,'2018-10-27 16:43:49','I'),(828,1,'2018-10-27 16:45:25','A'),(828,2,'2018-10-27 16:45:25','A'),(828,132,'2018-10-27 16:45:25','I'),(829,1,'2018-10-27 16:45:25','A'),(829,2,'2018-10-27 16:45:25','A'),(829,132,'2018-10-27 16:45:25','I'),(830,1,'2018-10-27 16:45:26','A'),(830,2,'2018-10-27 16:45:26','A'),(830,132,'2018-10-27 16:45:26','I'),(831,1,'2018-10-27 16:45:26','A'),(831,2,'2018-10-27 16:45:26','A'),(831,132,'2018-10-27 16:45:26','I'),(832,1,'2018-10-27 16:45:27','A'),(832,2,'2018-10-27 16:45:27','A'),(832,132,'2018-10-27 16:45:27','I'),(833,1,'2018-10-27 16:45:27','A'),(833,2,'2018-10-27 16:45:27','A'),(833,132,'2018-10-27 16:45:27','I'),(834,1,'2018-10-27 16:45:28','A'),(834,2,'2018-10-27 16:45:28','A'),(834,132,'2018-10-27 16:45:28','I'),(835,1,'2018-10-27 16:45:28','A'),(835,2,'2018-10-27 16:45:28','A'),(835,132,'2018-10-27 16:45:28','I'),(836,1,'2018-10-27 16:45:29','A'),(836,2,'2018-10-27 16:45:29','A'),(836,132,'2018-10-27 16:45:29','I'),(837,1,'2018-10-27 16:45:29','A'),(837,2,'2018-10-27 16:45:29','A'),(837,132,'2018-10-27 16:45:29','I'),(838,1,'2018-10-27 16:45:30','A'),(838,2,'2018-10-27 16:45:30','A'),(838,132,'2018-10-27 16:45:30','I'),(839,1,'2018-10-27 16:45:40','A'),(839,2,'2018-10-27 16:45:40','A'),(839,132,'2018-10-27 16:45:40','I'),(840,1,'2018-10-27 16:46:27','A'),(840,2,'2018-10-27 16:46:27','A'),(840,132,'2018-10-27 16:46:27','I'),(841,1,'2018-10-27 16:46:27','A'),(841,2,'2018-10-27 16:46:27','A'),(841,132,'2018-10-27 16:46:27','I'),(842,1,'2018-10-27 16:46:28','A'),(842,2,'2018-10-27 16:46:28','A'),(842,132,'2018-10-27 16:46:28','I'),(843,1,'2018-10-27 16:46:28','A'),(843,2,'2018-10-27 16:46:28','A'),(843,132,'2018-10-27 16:46:28','I'),(844,1,'2018-10-27 16:46:28','A'),(844,2,'2018-10-27 16:46:28','A'),(844,132,'2018-10-27 16:46:28','I'),(845,1,'2018-10-27 16:46:29','A'),(845,2,'2018-10-27 16:46:29','A'),(845,132,'2018-10-27 16:46:29','I'),(846,1,'2018-10-27 16:46:35','A'),(846,2,'2018-10-27 16:46:35','A'),(846,132,'2018-10-27 16:46:35','I'),(847,1,'2018-10-27 16:47:36','A'),(847,2,'2018-10-27 16:47:36','A'),(847,132,'2018-10-27 16:47:36','I'),(848,1,'2018-10-27 16:47:43','A'),(848,2,'2018-10-27 16:47:43','A'),(848,132,'2018-10-27 16:47:43','I'),(849,1,'2018-10-27 16:48:09','A'),(849,2,'2018-10-27 16:48:09','A'),(849,132,'2018-10-27 16:48:09','I'),(850,1,'2018-10-27 16:48:10','A'),(850,2,'2018-10-27 16:48:10','A'),(850,132,'2018-10-27 16:48:10','I'),(851,1,'2018-10-27 16:48:11','A'),(851,2,'2018-10-27 16:48:11','A'),(851,132,'2018-10-27 16:48:11','I'),(852,1,'2018-10-27 16:48:11','A'),(852,2,'2018-10-27 16:48:11','A'),(852,132,'2018-10-27 16:48:11','I'),(853,1,'2018-10-27 16:48:11','A'),(853,2,'2018-10-27 16:48:11','A'),(853,132,'2018-10-27 16:48:11','I'),(854,1,'2018-10-27 16:48:12','A'),(854,2,'2018-10-27 16:48:12','A'),(854,132,'2018-10-27 16:48:12','I'),(855,1,'2018-10-27 16:48:13','A'),(855,2,'2018-10-27 16:48:13','A'),(855,132,'2018-10-27 16:48:13','I'),(856,1,'2018-10-27 16:48:13','A'),(856,2,'2018-10-27 16:48:13','A'),(856,132,'2018-10-27 16:48:13','I'),(857,1,'2018-10-27 16:48:14','A'),(857,2,'2018-10-27 16:48:14','A'),(857,132,'2018-10-27 16:48:14','I'),(858,1,'2018-10-27 16:48:25','A'),(858,2,'2018-10-27 16:48:25','A'),(858,132,'2018-10-27 16:48:25','I'),(859,1,'2018-10-27 16:49:05','A'),(859,2,'2018-10-27 16:49:05','A'),(859,132,'2018-10-27 16:49:05','I'),(860,1,'2018-10-27 16:49:14','A'),(860,2,'2018-10-27 16:49:14','A'),(860,132,'2018-10-27 16:49:14','I'),(861,1,'2018-10-27 16:49:24','A'),(861,2,'2018-10-27 16:49:24','A'),(861,132,'2018-10-27 16:49:24','I'),(862,1,'2018-10-27 16:49:38','A'),(862,2,'2018-10-27 16:49:38','A'),(862,132,'2018-10-27 16:49:38','I'),(863,1,'2018-10-27 16:50:18','A'),(863,2,'2018-10-27 16:50:18','A'),(863,132,'2018-10-27 16:50:18','I'),(864,1,'2018-10-27 16:50:26','A'),(864,2,'2018-10-27 16:50:26','A'),(864,132,'2018-10-27 16:50:26','I'),(865,1,'2018-10-27 16:50:36','A'),(865,2,'2018-10-27 16:50:36','A'),(865,132,'2018-10-27 16:50:36','I'),(866,1,'2018-10-27 16:51:34','A'),(866,2,'2018-10-27 16:51:34','A'),(866,132,'2018-10-27 16:51:34','I'),(867,1,'2018-10-27 16:51:41','A'),(867,2,'2018-10-27 16:51:41','A'),(867,132,'2018-10-27 16:51:41','I'),(868,1,'2018-10-27 16:52:42','A'),(868,2,'2018-10-27 16:52:42','A'),(868,132,'2018-10-27 16:52:42','I'),(869,1,'2018-10-27 16:52:49','A'),(869,2,'2018-10-27 16:52:49','A'),(869,132,'2018-10-27 16:52:49','I'),(870,1,'2018-10-27 16:53:31','A'),(870,2,'2018-10-27 16:53:31','A'),(870,132,'2018-10-27 16:53:31','I'),(871,1,'2018-10-27 16:53:38','A'),(871,2,'2018-10-27 16:53:38','A'),(871,132,'2018-10-27 16:53:38','I'),(872,1,'2018-10-27 16:54:45','A'),(872,2,'2018-10-27 16:54:45','A'),(872,132,'2018-10-27 16:54:45','I'),(873,1,'2018-10-27 16:54:51','A'),(873,2,'2018-10-27 16:54:51','A'),(873,132,'2018-10-27 16:54:51','I'),(874,1,'2018-10-27 16:55:00','A'),(874,2,'2018-10-27 16:55:00','A'),(874,132,'2018-10-27 16:55:00','I'),(875,1,'2018-10-27 16:55:54','A'),(875,2,'2018-10-27 16:55:54','A'),(875,132,'2018-10-27 16:55:54','I'),(876,1,'2018-10-27 16:56:01','A'),(876,2,'2018-10-27 16:56:01','A'),(876,132,'2018-10-27 16:56:01','I'),(877,1,'2018-10-27 16:56:05','A'),(877,2,'2018-10-27 16:56:05','A'),(877,132,'2018-10-27 16:56:05','I'),(878,1,'2018-10-27 16:56:28','A'),(878,2,'2018-10-27 16:56:28','A'),(878,132,'2018-10-27 16:56:28','I'),(879,1,'2018-10-27 16:56:34','A'),(879,2,'2018-10-27 16:56:34','A'),(879,132,'2018-10-27 16:56:34','I'),(880,1,'2018-10-27 16:56:34','A'),(880,2,'2018-10-27 16:56:34','A'),(880,132,'2018-10-27 16:56:34','I'),(881,1,'2018-10-27 16:56:42','A'),(881,2,'2018-10-27 16:56:42','A'),(881,132,'2018-10-27 16:56:42','I'),(882,1,'2018-10-27 16:57:04','A'),(882,2,'2018-10-27 16:57:04','A'),(882,132,'2018-10-27 16:57:04','I'),(883,1,'2018-10-27 16:57:10','A'),(883,2,'2018-10-27 16:57:10','A'),(883,132,'2018-10-27 16:57:10','I'),(884,1,'2018-10-27 16:57:45','A'),(884,2,'2018-10-27 16:57:45','A'),(884,132,'2018-10-27 16:57:45','I'),(885,1,'2018-10-27 16:57:45','A'),(885,2,'2018-10-27 16:57:45','A'),(885,132,'2018-10-27 16:57:45','I'),(886,1,'2018-10-27 16:58:00','A'),(886,2,'2018-10-27 16:58:00','A'),(886,132,'2018-10-27 16:58:00','I'),(887,1,'2018-10-27 17:07:12','A'),(887,2,'2018-10-27 17:07:12','A'),(887,132,'2018-10-27 17:07:12','I'),(888,1,'2018-10-27 17:07:12','A'),(888,2,'2018-10-27 17:07:12','A'),(888,132,'2018-10-27 17:07:12','I'),(889,1,'2018-10-27 17:07:13','A'),(889,2,'2018-10-27 17:07:13','A'),(889,132,'2018-10-27 17:07:13','I'),(890,1,'2018-10-27 17:07:14','A'),(890,2,'2018-10-27 17:07:14','A'),(890,132,'2018-10-27 17:07:14','I'),(891,1,'2018-10-27 17:07:15','A'),(891,2,'2018-10-27 17:07:15','A'),(891,132,'2018-10-27 17:07:15','I'),(892,1,'2018-10-27 17:07:16','A'),(892,2,'2018-10-27 17:07:16','A'),(892,132,'2018-10-27 17:07:16','I'),(893,1,'2018-10-27 17:07:16','A'),(893,2,'2018-10-27 17:07:16','A'),(893,132,'2018-10-27 17:07:16','I'),(894,1,'2018-10-27 17:07:17','A'),(894,2,'2018-10-27 17:07:17','A'),(894,132,'2018-10-27 17:07:17','I'),(895,1,'2018-10-27 17:07:39','A'),(895,2,'2018-10-27 17:07:39','A'),(895,132,'2018-10-27 17:07:39','I'),(896,1,'2018-10-27 17:07:39','A'),(896,2,'2018-10-27 17:07:39','A'),(896,132,'2018-10-27 17:07:39','I'),(897,1,'2018-10-27 17:07:40','A'),(897,2,'2018-10-27 17:07:40','A'),(897,132,'2018-10-27 17:07:40','I'),(898,1,'2018-10-27 17:07:40','A'),(898,2,'2018-10-27 17:07:40','A'),(898,132,'2018-10-27 17:07:40','I'),(899,1,'2018-10-27 17:07:41','A'),(899,2,'2018-10-27 17:07:41','A'),(899,132,'2018-10-27 17:07:41','I'),(900,1,'2018-10-27 17:07:41','A'),(900,2,'2018-10-27 17:07:41','A'),(900,132,'2018-10-27 17:07:41','I'),(901,1,'2018-10-27 17:09:48','A'),(901,2,'2018-10-27 17:09:48','A'),(901,132,'2018-10-27 17:09:48','I'),(902,1,'2018-10-27 17:09:48','A'),(902,2,'2018-10-27 17:09:48','A'),(902,132,'2018-10-27 17:09:48','I'),(903,1,'2018-10-27 17:09:49','A'),(903,2,'2018-10-27 17:09:49','A'),(903,132,'2018-10-27 17:09:49','I'),(904,1,'2018-10-27 17:09:50','A'),(904,2,'2018-10-27 17:09:50','A'),(904,132,'2018-10-27 17:09:50','I'),(905,1,'2018-10-27 17:09:50','A'),(905,2,'2018-10-27 17:09:50','A'),(905,132,'2018-10-27 17:09:50','I'),(906,1,'2018-10-27 17:09:51','A'),(906,2,'2018-10-27 17:09:51','A'),(906,132,'2018-10-27 17:09:51','I'),(907,1,'2018-10-27 17:09:52','A'),(907,2,'2018-10-27 17:09:52','A'),(907,132,'2018-10-27 17:09:52','I'),(908,1,'2018-10-27 17:09:52','A'),(908,2,'2018-10-27 17:09:52','A'),(908,132,'2018-10-27 17:09:52','I'),(909,1,'2018-10-27 17:10:04','A'),(909,2,'2018-10-27 17:10:04','A'),(909,132,'2018-10-27 17:10:04','I'),(910,1,'2018-10-27 17:10:10','A'),(910,2,'2018-10-27 17:10:10','A'),(910,132,'2018-10-27 17:10:10','I'),(911,1,'2018-10-27 17:10:28','A'),(911,2,'2018-10-27 17:10:28','A'),(911,132,'2018-10-27 17:10:28','I'),(912,1,'2018-10-27 17:10:28','A'),(912,2,'2018-10-27 17:10:28','A'),(912,132,'2018-10-27 17:10:28','I'),(913,1,'2018-10-27 17:10:29','A'),(913,2,'2018-10-27 17:10:29','A'),(913,132,'2018-10-27 17:10:29','I'),(914,1,'2018-10-27 17:10:29','A'),(914,2,'2018-10-27 17:10:29','A'),(914,132,'2018-10-27 17:10:29','I'),(915,1,'2018-10-27 17:10:30','A'),(915,2,'2018-10-27 17:10:30','A'),(915,132,'2018-10-27 17:10:30','I'),(916,1,'2018-10-27 17:10:30','A'),(916,2,'2018-10-27 17:10:30','A'),(916,132,'2018-10-27 17:10:30','I'),(917,1,'2018-10-27 17:10:31','A'),(917,2,'2018-10-27 17:10:31','A'),(917,132,'2018-10-27 17:10:31','I'),(918,1,'2018-10-27 17:10:31','A'),(918,2,'2018-10-27 17:10:31','A'),(918,132,'2018-10-27 17:10:31','I'),(919,1,'2018-10-27 17:10:32','A'),(919,2,'2018-10-27 17:10:32','A'),(919,132,'2018-10-27 17:10:32','I'),(920,1,'2018-10-27 17:10:46','A'),(920,2,'2018-10-27 17:10:46','A'),(920,132,'2018-10-27 17:10:46','I'),(921,1,'2018-10-27 17:10:54','A'),(921,2,'2018-10-27 17:10:54','A'),(921,132,'2018-10-27 17:10:54','I'),(922,1,'2018-10-27 17:11:03','A'),(922,2,'2018-10-27 17:11:03','A'),(922,132,'2018-10-27 17:11:03','I'),(923,1,'2018-10-27 17:11:09','A'),(923,2,'2018-10-27 17:11:09','A'),(923,132,'2018-10-27 17:11:09','I'),(924,1,'2018-10-27 17:11:29','A'),(924,2,'2018-10-27 17:11:29','A'),(924,132,'2018-10-27 17:11:29','I'),(925,1,'2018-10-27 17:11:30','A'),(925,2,'2018-10-27 17:11:30','A'),(925,132,'2018-10-27 17:11:30','I'),(926,1,'2018-10-27 17:11:30','A'),(926,2,'2018-10-27 17:11:30','A'),(926,132,'2018-10-27 17:11:30','I'),(927,1,'2018-10-27 17:11:31','A'),(927,2,'2018-10-27 17:11:31','A'),(927,132,'2018-10-27 17:11:31','I'),(928,1,'2018-10-27 17:11:31','A'),(928,2,'2018-10-27 17:11:31','A'),(928,132,'2018-10-27 17:11:31','I'),(929,1,'2018-10-27 17:11:33','A'),(929,2,'2018-10-27 17:11:33','A'),(929,132,'2018-10-27 17:11:33','I'),(930,1,'2018-10-27 17:11:34','A'),(930,2,'2018-10-27 17:11:34','A'),(930,132,'2018-10-27 17:11:34','I'),(931,1,'2018-10-27 17:11:35','A'),(931,2,'2018-10-27 17:11:35','A'),(931,132,'2018-10-27 17:11:35','I'),(932,1,'2018-10-27 17:11:35','A'),(932,2,'2018-10-27 17:11:35','A'),(932,132,'2018-10-27 17:11:35','I'),(933,1,'2018-10-27 17:11:37','A'),(933,2,'2018-10-27 17:11:37','A'),(933,132,'2018-10-27 17:11:37','I'),(934,1,'2018-10-27 17:11:39','A'),(934,2,'2018-10-27 17:11:39','A'),(934,132,'2018-10-27 17:11:39','I'),(935,1,'2018-10-27 17:11:40','A'),(935,2,'2018-10-27 17:11:40','A'),(935,132,'2018-10-27 17:11:40','I'),(936,1,'2018-10-27 17:11:41','A'),(936,2,'2018-10-27 17:11:41','A'),(936,132,'2018-10-27 17:11:41','I'),(937,1,'2018-10-27 17:11:41','A'),(937,2,'2018-10-27 17:11:41','A'),(937,132,'2018-10-27 17:11:41','I'),(938,1,'2018-10-27 17:11:42','A'),(938,2,'2018-10-27 17:11:42','A'),(938,132,'2018-10-27 17:11:42','I'),(939,1,'2018-10-27 17:11:42','A'),(939,2,'2018-10-27 17:11:42','A'),(939,132,'2018-10-27 17:11:42','I'),(940,1,'2018-10-27 17:11:43','A'),(940,2,'2018-10-27 17:11:43','A'),(940,132,'2018-10-27 17:11:43','I'),(941,1,'2018-10-27 17:12:18','A'),(941,2,'2018-10-27 17:12:18','A'),(941,132,'2018-10-27 17:12:18','I'),(942,1,'2018-10-27 17:12:19','A'),(942,2,'2018-10-27 17:12:19','A'),(942,132,'2018-10-27 17:12:19','I'),(943,1,'2018-10-27 17:12:19','A'),(943,2,'2018-10-27 17:12:19','A'),(943,132,'2018-10-27 17:12:19','I'),(944,1,'2018-10-27 17:12:20','A'),(944,2,'2018-10-27 17:12:20','A'),(944,132,'2018-10-27 17:12:20','I'),(945,1,'2018-10-27 17:12:20','A'),(945,2,'2018-10-27 17:12:20','A'),(945,132,'2018-10-27 17:12:20','I'),(946,1,'2018-10-27 17:12:21','A'),(946,2,'2018-10-27 17:12:21','A'),(946,132,'2018-10-27 17:12:21','I'),(947,1,'2018-10-27 17:12:21','A'),(947,2,'2018-10-27 17:12:21','A'),(947,132,'2018-10-27 17:12:21','I'),(948,1,'2018-10-27 17:12:21','A'),(948,2,'2018-10-27 17:12:21','A'),(948,132,'2018-10-27 17:12:21','I'),(949,1,'2018-10-27 17:12:22','A'),(949,2,'2018-10-27 17:12:22','A'),(949,132,'2018-10-27 17:12:22','I'),(950,1,'2018-10-27 17:12:23','A'),(950,2,'2018-10-27 17:12:23','A'),(950,132,'2018-10-27 17:12:23','I'),(951,1,'2018-10-27 17:12:23','A'),(951,2,'2018-10-27 17:12:23','A'),(951,132,'2018-10-27 17:12:23','I'),(952,1,'2018-10-27 17:12:23','A'),(952,2,'2018-10-27 17:12:23','A'),(952,132,'2018-10-27 17:12:23','I'),(953,1,'2018-10-27 17:12:24','A'),(953,2,'2018-10-27 17:12:24','A'),(953,132,'2018-10-27 17:12:24','I'),(954,1,'2018-10-27 17:12:24','A'),(954,2,'2018-10-27 17:12:24','A'),(954,132,'2018-10-27 17:12:24','I'),(955,1,'2018-10-27 17:12:25','A'),(955,2,'2018-10-27 17:12:25','A'),(955,132,'2018-10-27 17:12:25','I'),(956,1,'2018-10-27 17:12:26','A'),(956,2,'2018-10-27 17:12:26','A'),(956,132,'2018-10-27 17:12:26','I'),(957,1,'2018-10-27 17:12:26','A'),(957,2,'2018-10-27 17:12:26','A'),(957,132,'2018-10-27 17:12:26','I'),(958,1,'2018-10-27 17:12:27','A'),(958,2,'2018-10-27 17:12:27','A'),(958,132,'2018-10-27 17:12:27','I'),(959,1,'2018-10-27 17:12:27','A'),(959,2,'2018-10-27 17:12:27','A'),(959,132,'2018-10-27 17:12:27','I'),(960,1,'2018-10-27 17:12:28','A'),(960,2,'2018-10-27 17:12:28','A'),(960,132,'2018-10-27 17:12:28','I'),(961,1,'2018-10-27 17:12:29','A'),(961,2,'2018-10-27 17:12:29','A'),(961,132,'2018-10-27 17:12:29','I'),(962,1,'2018-10-27 17:12:30','A'),(962,2,'2018-10-27 17:12:30','A'),(962,132,'2018-10-27 17:12:30','I'),(963,1,'2018-10-27 17:12:55','A'),(963,2,'2018-10-27 17:12:55','A'),(963,132,'2018-10-27 17:12:55','I'),(964,1,'2018-10-27 17:13:15','A'),(964,2,'2018-10-27 17:13:15','A'),(964,132,'2018-10-27 17:13:15','I'),(965,1,'2018-10-27 17:13:15','A'),(965,2,'2018-10-27 17:13:15','A'),(965,132,'2018-10-27 17:13:15','I'),(966,1,'2018-10-27 17:13:16','A'),(966,2,'2018-10-27 17:13:16','A'),(966,132,'2018-10-27 17:13:16','I'),(967,1,'2018-10-27 17:13:16','A'),(967,2,'2018-10-27 17:13:16','A'),(967,132,'2018-10-27 17:13:16','I'),(968,1,'2018-10-27 17:13:33','A'),(968,2,'2018-10-27 17:13:33','A'),(968,132,'2018-10-27 17:13:33','I'),(969,1,'2018-10-27 17:13:34','A'),(969,2,'2018-10-27 17:13:34','A'),(969,132,'2018-10-27 17:13:34','I'),(970,1,'2018-10-27 17:13:35','A'),(970,2,'2018-10-27 17:13:35','A'),(970,132,'2018-10-27 17:13:35','I'),(971,1,'2018-10-27 17:13:35','A'),(971,2,'2018-10-27 17:13:35','A'),(971,132,'2018-10-27 17:13:35','I'),(972,1,'2018-10-27 17:13:36','A'),(972,2,'2018-10-27 17:13:36','A'),(972,132,'2018-10-27 17:13:36','I'),(973,1,'2018-10-27 17:13:36','A'),(973,2,'2018-10-27 17:13:36','A'),(973,132,'2018-10-27 17:13:36','I'),(974,1,'2018-10-27 17:13:37','A'),(974,2,'2018-10-27 17:13:37','A'),(974,132,'2018-10-27 17:13:37','I'),(975,1,'2018-10-27 17:13:38','A'),(975,2,'2018-10-27 17:13:38','A'),(975,132,'2018-10-27 17:13:38','I'),(976,1,'2018-10-27 17:13:38','A'),(976,2,'2018-10-27 17:13:38','A'),(976,132,'2018-10-27 17:13:38','I'),(977,1,'2018-10-27 17:13:39','A'),(977,2,'2018-10-27 17:13:39','A'),(977,132,'2018-10-27 17:13:39','I'),(978,1,'2018-10-27 17:13:40','A'),(978,2,'2018-10-27 17:13:40','A'),(978,132,'2018-10-27 17:13:40','I'),(979,1,'2018-10-27 17:14:25','A'),(979,2,'2018-10-27 17:14:25','A'),(979,132,'2018-10-27 17:14:25','I'),(980,1,'2018-10-27 17:14:25','A'),(980,2,'2018-10-27 17:14:25','A'),(980,132,'2018-10-27 17:14:25','I'),(981,1,'2018-10-27 17:14:26','A'),(981,2,'2018-10-27 17:14:26','A'),(981,132,'2018-10-27 17:14:26','I'),(982,1,'2018-10-27 17:14:26','A'),(982,2,'2018-10-27 17:14:26','A'),(982,132,'2018-10-27 17:14:26','I'),(983,1,'2018-10-27 17:14:26','A'),(983,2,'2018-10-27 17:14:26','A'),(983,132,'2018-10-27 17:14:26','I'),(984,1,'2018-10-27 17:14:44','A'),(984,2,'2018-10-27 17:14:44','A'),(984,132,'2018-10-27 17:14:44','I'),(985,1,'2018-10-27 17:14:45','A'),(985,2,'2018-10-27 17:14:45','A'),(985,132,'2018-10-27 17:14:45','I'),(986,1,'2018-10-27 17:14:45','A'),(986,2,'2018-10-27 17:14:45','A'),(986,132,'2018-10-27 17:14:45','I'),(987,1,'2018-10-27 17:14:45','A'),(987,2,'2018-10-27 17:14:45','A'),(987,132,'2018-10-27 17:14:45','I'),(988,1,'2018-10-27 17:14:46','A'),(988,2,'2018-10-27 17:14:46','A'),(988,132,'2018-10-27 17:14:46','I'),(989,1,'2018-10-27 17:15:26','A'),(989,2,'2018-10-27 17:15:26','A'),(989,132,'2018-10-27 17:15:26','I'),(990,1,'2018-10-27 17:15:36','A'),(990,2,'2018-10-27 17:15:36','A'),(990,132,'2018-10-27 17:15:36','I'),(991,1,'2018-10-27 17:15:37','A'),(991,2,'2018-10-27 17:15:37','A'),(991,132,'2018-10-27 17:15:37','I'),(992,1,'2018-10-27 17:15:37','A'),(992,2,'2018-10-27 17:15:37','A'),(992,132,'2018-10-27 17:15:37','I'),(993,1,'2018-10-27 17:15:38','A'),(993,2,'2018-10-27 17:15:38','A'),(993,132,'2018-10-27 17:15:38','I'),(994,1,'2018-10-27 17:15:38','A'),(994,2,'2018-10-27 17:15:38','A'),(994,132,'2018-10-27 17:15:38','I'),(995,1,'2018-10-27 17:15:39','A'),(995,2,'2018-10-27 17:15:39','A'),(995,132,'2018-10-27 17:15:39','I'),(996,1,'2018-10-27 17:15:39','A'),(996,2,'2018-10-27 17:15:39','A'),(996,132,'2018-10-27 17:15:39','I'),(997,1,'2018-10-27 17:16:08','A'),(997,2,'2018-10-27 17:16:08','A'),(997,132,'2018-10-27 17:16:08','I'),(998,1,'2018-10-27 17:16:14','A'),(998,2,'2018-10-27 17:16:14','A'),(998,132,'2018-10-27 17:16:14','I'),(999,1,'2018-10-27 17:16:45','A'),(999,2,'2018-10-27 17:16:45','A'),(999,132,'2018-10-27 17:16:45','I'),(1000,1,'2018-10-27 17:16:45','A'),(1000,2,'2018-10-27 17:16:45','A'),(1000,132,'2018-10-27 17:16:45','I'),(1001,1,'2018-10-27 17:16:46','A'),(1001,2,'2018-10-27 17:16:46','A'),(1001,132,'2018-10-27 17:16:46','I'),(1002,1,'2018-10-27 17:16:46','A'),(1002,2,'2018-10-27 17:16:46','A'),(1002,132,'2018-10-27 17:16:46','I'),(1003,1,'2018-10-27 17:16:47','A'),(1003,2,'2018-10-27 17:16:47','A'),(1003,132,'2018-10-27 17:16:47','I'),(1004,1,'2018-10-27 17:16:47','A'),(1004,2,'2018-10-27 17:16:47','A'),(1004,132,'2018-10-27 17:16:47','I'),(1005,1,'2018-10-27 17:16:47','A'),(1005,2,'2018-10-27 17:16:47','A'),(1005,132,'2018-10-27 17:16:47','I'),(1006,1,'2018-10-27 17:16:48','A'),(1006,2,'2018-10-27 17:16:48','A'),(1006,132,'2018-10-27 17:16:48','I'),(1007,1,'2018-10-27 17:16:48','A'),(1007,2,'2018-10-27 17:16:48','A'),(1007,132,'2018-10-27 17:16:48','I'),(1008,1,'2018-10-27 17:16:48','A'),(1008,2,'2018-10-27 17:16:48','A'),(1008,132,'2018-10-27 17:16:48','I'),(1009,1,'2018-10-27 17:16:48','A'),(1009,2,'2018-10-27 17:16:48','A'),(1009,132,'2018-10-27 17:16:48','I'),(1010,1,'2018-10-27 17:16:48','A'),(1010,2,'2018-10-27 17:16:48','A'),(1010,132,'2018-10-27 17:16:48','I'),(1011,1,'2018-10-27 17:16:49','A'),(1011,2,'2018-10-27 17:16:49','A'),(1011,132,'2018-10-27 17:16:49','I'),(1012,1,'2018-10-27 17:16:49','A'),(1012,2,'2018-10-27 17:16:49','A'),(1012,132,'2018-10-27 17:16:49','I'),(1013,1,'2018-10-27 17:16:49','A'),(1013,2,'2018-10-27 17:16:49','A'),(1013,132,'2018-10-27 17:16:49','I'),(1014,1,'2018-10-27 17:16:49','A'),(1014,2,'2018-10-27 17:16:49','A'),(1014,132,'2018-10-27 17:16:49','I'),(1015,1,'2018-10-27 17:16:50','A'),(1015,2,'2018-10-27 17:16:50','A'),(1015,132,'2018-10-27 17:16:50','I'),(1016,1,'2018-10-27 17:16:50','A'),(1016,2,'2018-10-27 17:16:50','A'),(1016,132,'2018-10-27 17:16:50','I'),(1017,1,'2018-10-27 17:16:50','A'),(1017,2,'2018-10-27 17:16:50','A'),(1017,132,'2018-10-27 17:16:50','I'),(1018,1,'2018-10-27 17:16:50','A'),(1018,2,'2018-10-27 17:16:50','A'),(1018,132,'2018-10-27 17:16:50','I'),(1019,1,'2018-10-30 22:52:30','A'),(1019,2,'2018-10-30 22:52:30','A'),(1020,1,'2018-10-30 22:52:30','A'),(1020,2,'2018-10-30 22:52:30','A'),(1021,1,'2018-10-30 23:01:39','A'),(1021,2,'2018-10-30 23:01:39','A'),(1022,1,'2018-10-30 23:01:39','A'),(1022,2,'2018-10-30 23:01:39','A'),(1023,1,'2018-10-30 23:01:45','A'),(1023,2,'2018-10-30 23:01:45','A'),(1024,1,'2018-10-30 23:01:49','A'),(1024,2,'2018-10-30 23:01:49','A'),(1025,1,'2018-10-30 23:03:08','A'),(1025,2,'2018-10-30 23:03:08','A'),(1026,1,'2018-10-30 23:03:09','A'),(1026,2,'2018-10-30 23:03:09','A'),(1027,1,'2018-10-30 23:03:10','A'),(1027,2,'2018-10-30 23:03:10','A'),(1028,1,'2018-10-30 23:03:11','A'),(1028,2,'2018-10-30 23:03:11','A'),(1029,1,'2018-10-30 23:03:12','A'),(1029,2,'2018-10-30 23:03:12','A'),(1030,1,'2018-10-30 23:03:12','A'),(1030,2,'2018-10-30 23:03:12','A'),(1031,1,'2018-10-30 23:05:27','A'),(1031,2,'2018-10-30 23:05:27','A'),(1032,1,'2018-10-30 23:05:30','A'),(1032,2,'2018-10-30 23:05:30','A'),(1033,1,'2018-10-30 23:05:33','A'),(1033,2,'2018-10-30 23:05:33','A'),(1034,1,'2018-10-30 23:05:54','A'),(1034,2,'2018-10-30 23:05:54','A'),(1035,1,'2018-10-30 23:05:55','A'),(1035,2,'2018-10-30 23:05:55','A'),(1036,1,'2018-10-30 23:05:56','A'),(1036,2,'2018-10-30 23:05:56','A'),(1037,1,'2018-10-30 23:06:46','A'),(1037,2,'2018-10-30 23:06:46','A'),(1038,1,'2018-10-30 23:06:52','A'),(1038,2,'2018-10-30 23:06:52','A'),(1039,1,'2018-10-30 23:06:53','A'),(1039,2,'2018-10-30 23:06:53','A'),(1040,1,'2018-10-30 23:06:59','A'),(1040,2,'2018-10-30 23:06:59','A'),(1041,1,'2018-10-30 23:07:00','A'),(1041,2,'2018-10-30 23:07:00','A'),(1042,1,'2018-10-30 23:07:01','A'),(1042,2,'2018-10-30 23:07:01','A'),(1043,1,'2018-10-30 23:07:02','A'),(1043,2,'2018-10-30 23:07:02','A'),(1044,1,'2018-10-30 23:07:02','A'),(1044,2,'2018-10-30 23:07:02','A'),(1045,1,'2018-10-30 23:07:03','A'),(1045,2,'2018-10-30 23:07:03','A'),(1046,1,'2018-10-30 23:07:03','A'),(1046,2,'2018-10-30 23:07:03','A'),(1047,1,'2018-10-30 23:07:03','A'),(1047,2,'2018-10-30 23:07:03','A'),(1048,1,'2018-10-30 23:07:03','A'),(1048,2,'2018-10-30 23:07:03','A'),(1049,1,'2018-10-30 23:07:04','A'),(1049,2,'2018-10-30 23:07:04','A'),(1050,1,'2018-10-30 23:07:24','A'),(1050,2,'2018-10-30 23:07:24','A'),(1051,1,'2018-10-30 23:07:30','A'),(1051,2,'2018-10-30 23:07:30','A'),(1052,1,'2018-10-30 23:07:33','A'),(1052,2,'2018-10-30 23:07:33','A'),(1053,1,'2018-10-30 23:07:38','A'),(1053,2,'2018-10-30 23:07:38','A'),(1054,1,'2018-10-30 23:07:40','A'),(1054,2,'2018-10-30 23:07:40','A'),(1055,1,'2018-10-30 23:07:45','A'),(1055,2,'2018-10-30 23:07:45','A'),(1056,1,'2018-10-30 23:07:52','A'),(1056,2,'2018-10-30 23:07:52','A'),(1057,1,'2018-10-30 23:07:54','A'),(1057,2,'2018-10-30 23:07:54','A'),(1058,1,'2018-10-30 23:07:55','A'),(1058,2,'2018-10-30 23:07:55','A'),(1059,1,'2018-10-30 23:07:56','A'),(1059,2,'2018-10-30 23:07:56','A'),(1060,1,'2018-10-30 23:07:56','A'),(1060,2,'2018-10-30 23:07:56','A'),(1061,1,'2018-10-30 23:07:56','A'),(1061,2,'2018-10-30 23:07:56','A'),(1062,1,'2018-10-30 23:07:57','A'),(1062,2,'2018-10-30 23:07:57','A'),(1063,1,'2018-10-30 23:07:57','A'),(1063,2,'2018-10-30 23:07:57','A'),(1064,1,'2018-10-30 23:07:57','A'),(1064,2,'2018-10-30 23:07:57','A'),(1065,1,'2018-10-30 23:07:57','A'),(1065,2,'2018-10-30 23:07:57','A'),(1066,1,'2018-10-30 23:07:57','A'),(1066,2,'2018-10-30 23:07:57','A'),(1067,1,'2018-10-30 23:08:03','A'),(1067,2,'2018-10-30 23:08:03','A'),(1068,1,'2018-10-30 23:08:56','A'),(1068,2,'2018-10-30 23:08:56','A'),(1069,1,'2018-10-30 23:08:57','A'),(1069,2,'2018-10-30 23:08:57','A'),(1070,1,'2018-10-30 23:08:58','A'),(1070,2,'2018-10-30 23:08:58','A'),(1071,1,'2018-10-30 23:08:58','A'),(1071,2,'2018-10-30 23:08:58','A'),(1072,1,'2018-10-30 23:09:11','A'),(1072,2,'2018-10-30 23:09:11','A'),(1073,1,'2018-10-30 23:09:17','A'),(1073,2,'2018-10-30 23:09:17','A'),(1074,1,'2018-10-30 23:09:18','A'),(1074,2,'2018-10-30 23:09:18','A'),(1075,1,'2018-10-30 23:09:18','A'),(1075,2,'2018-10-30 23:09:18','A'),(1076,1,'2018-10-30 23:09:19','A'),(1076,2,'2018-10-30 23:09:19','A'),(1077,1,'2018-10-30 23:09:26','A'),(1077,2,'2018-10-30 23:09:26','A'),(1078,1,'2018-10-30 23:09:27','A'),(1078,2,'2018-10-30 23:09:27','A'),(1079,1,'2018-10-30 23:09:27','A'),(1079,2,'2018-10-30 23:09:27','A'),(1080,1,'2018-10-30 23:09:28','A'),(1080,2,'2018-10-30 23:09:28','A'),(1081,1,'2018-10-30 23:09:28','A'),(1081,2,'2018-10-30 23:09:28','A'),(1082,1,'2018-10-30 23:11:31','A'),(1082,2,'2018-10-30 23:11:31','A'),(1083,1,'2018-10-30 23:11:31','A'),(1083,2,'2018-10-30 23:11:31','A'),(1084,1,'2018-10-30 23:11:32','A'),(1084,2,'2018-10-30 23:11:32','A'),(1085,1,'2018-10-30 23:11:33','A'),(1085,2,'2018-10-30 23:11:33','A'),(1086,1,'2018-10-30 23:11:33','A'),(1086,2,'2018-10-30 23:11:33','A'),(1087,1,'2018-10-30 23:11:34','A'),(1087,2,'2018-10-30 23:11:34','A'),(1088,1,'2018-10-30 23:11:40','A'),(1088,2,'2018-10-30 23:11:40','A'),(1089,1,'2018-10-30 23:11:41','A'),(1089,2,'2018-10-30 23:11:41','A'),(1090,1,'2018-10-30 23:11:42','A'),(1090,2,'2018-10-30 23:11:42','A'),(1091,1,'2018-10-30 23:11:42','A'),(1091,2,'2018-10-30 23:11:42','A'),(1092,1,'2018-10-30 23:11:43','A'),(1092,2,'2018-10-30 23:11:43','A'),(1093,1,'2018-10-30 23:11:43','A'),(1093,2,'2018-10-30 23:11:43','A'),(1094,1,'2018-10-30 23:11:44','A'),(1094,2,'2018-10-30 23:11:44','A'),(1095,1,'2018-10-30 23:11:45','A'),(1095,2,'2018-10-30 23:11:45','A'),(1096,1,'2018-10-30 23:11:45','A'),(1096,2,'2018-10-30 23:11:45','A'),(1097,1,'2018-10-30 23:12:00','A'),(1097,2,'2018-10-30 23:12:00','A'),(1098,1,'2018-10-30 23:12:00','A'),(1098,2,'2018-10-30 23:12:00','A'),(1099,1,'2018-10-30 23:12:00','A'),(1099,2,'2018-10-30 23:12:00','A'),(1100,1,'2018-10-30 23:12:01','A'),(1100,2,'2018-10-30 23:12:01','A'),(1101,1,'2018-10-30 23:12:01','A'),(1101,2,'2018-10-30 23:12:01','A'),(1102,1,'2018-10-30 23:12:01','A'),(1102,2,'2018-10-30 23:12:01','A'),(1103,1,'2018-10-30 23:12:02','A'),(1103,2,'2018-10-30 23:12:02','A'),(1104,1,'2018-10-30 23:12:02','A'),(1104,2,'2018-10-30 23:12:02','A'),(1105,1,'2018-10-30 23:12:03','A'),(1105,2,'2018-10-30 23:12:03','A'),(1106,1,'2018-10-30 23:12:24','A'),(1106,2,'2018-10-30 23:12:24','A'),(1107,1,'2018-10-30 23:12:25','A'),(1107,2,'2018-10-30 23:12:25','A'),(1108,1,'2018-10-30 23:12:31','A'),(1108,2,'2018-10-30 23:12:31','A'),(1109,1,'2018-10-30 23:12:32','A'),(1109,2,'2018-10-30 23:12:32','A'),(1110,1,'2018-10-30 23:12:33','A'),(1110,2,'2018-10-30 23:12:33','A'),(1111,1,'2018-10-30 23:12:33','A'),(1111,2,'2018-10-30 23:12:33','A'),(1112,1,'2018-10-30 23:12:33','A'),(1112,2,'2018-10-30 23:12:33','A'),(1113,1,'2018-10-30 23:12:34','A'),(1113,2,'2018-10-30 23:12:34','A'),(1114,1,'2018-10-30 23:12:35','A'),(1114,2,'2018-10-30 23:12:35','A'),(1115,1,'2018-10-30 23:13:38','A'),(1115,2,'2018-10-30 23:13:38','A'),(1116,1,'2018-10-30 23:13:38','A'),(1116,2,'2018-10-30 23:13:38','A'),(1117,1,'2018-10-30 23:13:39','A'),(1117,2,'2018-10-30 23:13:39','A'),(1118,1,'2018-10-30 23:13:39','A'),(1118,2,'2018-10-30 23:13:39','A'),(1119,1,'2018-10-30 23:13:40','A'),(1119,2,'2018-10-30 23:13:40','A'),(1120,1,'2018-10-30 23:13:40','A'),(1120,2,'2018-10-30 23:13:40','A'),(1121,1,'2018-10-30 23:13:41','A'),(1121,2,'2018-10-30 23:13:41','A'),(1122,1,'2018-10-30 23:13:41','A'),(1122,2,'2018-10-30 23:13:41','A'),(1123,1,'2018-10-30 23:14:54','A'),(1123,2,'2018-10-30 23:14:54','A'),(1124,1,'2018-10-30 23:14:55','A'),(1124,2,'2018-10-30 23:14:55','A'),(1125,1,'2018-10-30 23:14:55','A'),(1125,2,'2018-10-30 23:14:55','A'),(1126,1,'2018-10-30 23:14:55','A'),(1126,2,'2018-10-30 23:14:55','A'),(1127,1,'2018-10-30 23:14:56','A'),(1127,2,'2018-10-30 23:14:56','A'),(1128,1,'2018-10-30 23:14:56','A'),(1128,2,'2018-10-30 23:14:56','A'),(1129,1,'2018-10-30 23:14:57','A'),(1129,2,'2018-10-30 23:14:57','A'),(1130,1,'2018-10-30 23:15:01','A'),(1130,2,'2018-10-30 23:15:01','A'),(1131,1,'2018-10-30 23:15:02','A'),(1131,2,'2018-10-30 23:15:02','A'),(1132,1,'2018-10-30 23:15:02','A'),(1132,2,'2018-10-30 23:15:02','A'),(1133,1,'2018-10-30 23:15:03','A'),(1133,2,'2018-10-30 23:15:03','A'),(1134,1,'2018-10-30 23:15:03','A'),(1134,2,'2018-10-30 23:15:03','A'),(1135,1,'2018-10-30 23:15:11','A'),(1135,2,'2018-10-30 23:15:11','A'),(1136,1,'2018-10-30 23:15:11','A'),(1136,2,'2018-10-30 23:15:11','A'),(1137,1,'2018-10-30 23:15:12','A'),(1137,2,'2018-10-30 23:15:12','A'),(1138,1,'2018-10-30 23:15:13','A'),(1138,2,'2018-10-30 23:15:13','A'),(1139,1,'2018-10-30 23:15:22','A'),(1139,2,'2018-10-30 23:15:22','A'),(1140,1,'2018-10-30 23:15:22','A'),(1140,2,'2018-10-30 23:15:22','A'),(1141,1,'2018-10-30 23:15:23','A'),(1141,2,'2018-10-30 23:15:23','A'),(1142,1,'2018-10-30 23:15:24','A'),(1142,2,'2018-10-30 23:15:24','A'),(1143,1,'2018-10-30 23:15:24','A'),(1143,2,'2018-10-30 23:15:24','A'),(1144,1,'2018-10-30 23:15:25','A'),(1144,2,'2018-10-30 23:15:25','A'),(1145,1,'2018-10-30 23:45:29','I'),(1145,2,'2018-10-30 23:45:29','A'),(1146,1,'2018-10-30 23:45:30','I'),(1146,2,'2018-10-30 23:45:30','A'),(1147,1,'2018-10-30 23:45:30','I'),(1147,2,'2018-10-30 23:45:30','A'),(1148,1,'2018-10-30 23:45:30','I'),(1148,2,'2018-10-30 23:45:30','A'),(1149,1,'2018-10-30 23:45:31','I'),(1149,2,'2018-10-30 23:45:31','A'),(1150,1,'2018-10-30 23:45:31','I'),(1150,2,'2018-10-30 23:45:31','A'),(1151,1,'2018-10-30 23:45:31','I'),(1151,2,'2018-10-30 23:45:31','A'),(1152,1,'2018-10-30 23:45:32','I'),(1152,2,'2018-10-30 23:45:32','A'),(1153,1,'2018-10-30 23:45:32','I'),(1153,2,'2018-10-30 23:45:32','A'),(1154,1,'2018-10-30 23:45:32','I'),(1154,2,'2018-10-30 23:45:32','A'),(1155,1,'2018-10-30 23:45:32','I'),(1155,2,'2018-10-30 23:45:32','A'),(1156,1,'2018-10-30 23:45:32','I'),(1156,2,'2018-10-30 23:45:32','A'),(1157,1,'2018-10-30 23:45:33','I'),(1157,2,'2018-10-30 23:45:33','A'),(1158,1,'2018-10-30 23:45:33','I'),(1158,2,'2018-10-30 23:45:33','A'),(1159,1,'2018-10-30 23:45:33','I'),(1159,2,'2018-10-30 23:45:33','A'),(1160,1,'2018-10-30 23:45:34','I'),(1160,2,'2018-10-30 23:45:34','A'),(1161,1,'2018-10-30 23:45:34','I'),(1161,2,'2018-10-30 23:45:34','A'),(1162,1,'2018-10-30 23:45:34','I'),(1162,2,'2018-10-30 23:45:34','A'),(1163,1,'2018-11-07 14:39:16','A'),(1163,2,'2018-11-07 14:39:16','I'),(1164,1,'2018-11-07 14:39:16','A'),(1164,2,'2018-11-07 14:39:16','I'),(1165,2,'2018-11-07 14:39:29','I'),(1166,1,'2018-11-07 14:41:30','A'),(1166,2,'2018-11-07 14:41:30','I'),(1167,2,'2018-11-07 14:41:49','I'),(1168,1,'2018-11-07 14:41:57','A'),(1168,2,'2018-11-07 14:41:57','I'),(1169,2,'2018-11-07 14:42:22','I'),(1170,1,'2018-11-07 14:42:28','A'),(1170,2,'2018-11-07 14:42:28','I'),(1171,1,'2018-11-07 14:46:03','A'),(1172,1,'2018-11-07 14:46:03','A'),(1173,1,'2018-11-07 14:47:02','A'),(1174,1,'2018-11-07 14:47:16','A'),(1175,1,'2018-11-07 14:48:51','A'),(1176,1,'2018-11-07 14:50:01','A'),(1176,2,'2018-11-07 14:50:01','A'),(1177,1,'2018-11-07 14:50:01','A'),(1177,2,'2018-11-07 14:50:01','A'),(1178,1,'2018-11-07 14:50:25','A'),(1179,2,'2018-11-07 14:51:07','A'),(1180,2,'2018-11-07 14:51:08','A'),(1181,2,'2018-11-07 14:51:33','A'),(1182,1,'2018-11-07 14:53:07','A'),(1183,1,'2018-11-07 14:53:21','A'),(1183,2,'2018-11-07 14:53:21','A'),(1184,1,'2018-11-07 14:53:25','A'),(1185,1,'2018-11-07 14:56:03','A'),(1185,2,'2018-11-07 14:56:03','A'),(1186,1,'2018-11-07 14:56:06','A'),(1187,1,'2018-11-07 14:56:41','A'),(1187,2,'2018-11-07 14:56:41','A'),(1188,1,'2018-11-07 14:56:47','A'),(1189,1,'2018-11-07 15:09:32','A'),(1189,2,'2018-11-07 15:09:32','A'),(1190,1,'2018-11-07 15:09:36','A'),(1191,1,'2018-11-07 15:09:53','A'),(1191,2,'2018-11-07 15:09:53','A'),(1192,1,'2018-11-07 15:09:56','A'),(1193,1,'2018-11-07 15:10:30','A'),(1193,2,'2018-11-07 15:10:30','A'),(1194,1,'2018-11-07 15:10:35','A'),(1195,1,'2018-11-07 15:16:38','A'),(1195,2,'2018-11-07 15:16:38','A'),(1196,1,'2018-11-07 15:16:39','A'),(1196,2,'2018-11-07 15:16:39','A'),(1197,1,'2018-11-07 15:28:12','A'),(1197,2,'2018-11-07 15:28:12','A'),(1198,1,'2018-11-07 15:28:13','A'),(1198,2,'2018-11-07 15:28:13','A'),(1199,1,'2018-11-07 15:28:34','A'),(1199,2,'2018-11-07 15:28:34','A'),(1200,1,'2018-11-07 15:28:34','A'),(1200,2,'2018-11-07 15:28:34','A'),(1201,2,'2018-11-07 15:30:07','A'),(1202,2,'2018-11-07 15:30:07','A'),(1203,1,'2018-11-07 15:32:57','A'),(1203,2,'2018-11-07 15:32:57','I'),(1204,1,'2018-11-07 15:32:57','A'),(1204,2,'2018-11-07 15:32:57','I'),(1205,1,'2018-11-08 15:45:48','A'),(1205,2,'2018-11-08 15:45:48','I'),(1206,1,'2018-11-08 15:45:49','A'),(1206,2,'2018-11-08 15:45:49','I'),(1207,1,'2018-11-08 15:45:55','A'),(1207,2,'2018-11-08 15:45:55','I'),(1208,1,'2018-11-08 15:45:58','A'),(1208,2,'2018-11-08 15:45:58','I'),(1209,1,'2018-11-08 15:45:59','A'),(1209,2,'2018-11-08 15:45:59','I'),(1210,1,'2018-11-08 15:46:00','A'),(1210,2,'2018-11-08 15:46:00','I'),(1211,1,'2018-11-08 15:46:02','A'),(1211,2,'2018-11-08 15:46:02','I'),(1212,1,'2018-11-08 15:46:05','A'),(1212,95,'2018-11-08 15:46:05','I'),(1213,1,'2018-11-08 15:46:05','A'),(1213,95,'2018-11-08 15:46:05','I'),(1214,1,'2018-11-15 15:11:03','A'),(1214,2,'2018-11-15 15:11:03','I'),(1215,1,'2018-11-15 15:11:03','A'),(1215,2,'2018-11-15 15:11:03','I'),(1216,1,'2018-11-15 15:11:05','A'),(1216,2,'2018-11-15 15:11:05','I'),(1217,1,'2018-11-15 15:11:07','A'),(1217,2,'2018-11-15 15:11:07','I'),(1218,1,'2018-11-15 15:11:07','A'),(1218,2,'2018-11-15 15:11:07','I'),(1219,1,'2018-11-15 15:11:08','A'),(1219,2,'2018-11-15 15:11:08','I'),(1220,1,'2018-11-15 15:11:09','A'),(1220,2,'2018-11-15 15:11:09','I'),(1221,1,'2018-11-15 15:11:09','A'),(1221,2,'2018-11-15 15:11:09','I'),(1222,1,'2018-11-15 15:11:12','A'),(1222,2,'2018-11-15 15:11:12','I'),(1223,1,'2018-11-15 15:11:21','A'),(1223,2,'2018-11-15 15:11:21','I'),(1224,1,'2018-11-15 15:11:22','A'),(1224,2,'2018-11-15 15:11:22','I'),(1225,1,'2018-11-15 15:11:26','A'),(1226,1,'2018-11-15 15:11:26','A'),(1227,1,'2018-11-15 15:11:28','A'),(1228,1,'2018-11-15 15:11:28','A'),(1229,1,'2018-11-15 15:11:35','A'),(1230,1,'2018-11-15 15:11:35','A'),(1231,1,'2018-11-15 15:11:36','A'),(1232,1,'2018-11-15 15:11:37','A'),(1233,1,'2018-11-15 15:11:38','A'),(1234,1,'2018-11-15 15:11:39','A'),(1235,1,'2018-11-15 15:11:40','A'),(1236,1,'2018-11-15 15:11:41','A'),(1237,1,'2018-11-15 15:11:41','A'),(1238,1,'2018-11-15 15:11:42','A'),(1239,1,'2018-11-15 15:11:43','A'),(1240,1,'2018-11-15 15:11:44','A'),(1241,1,'2018-11-15 15:11:49','A'),(1242,1,'2018-11-15 15:11:50','A'),(1243,1,'2018-11-15 15:11:51','A'),(1244,1,'2018-11-15 15:11:51','A'),(1245,1,'2018-11-15 15:11:52','A'),(1246,1,'2018-11-15 15:11:52','A'),(1247,1,'2018-11-15 15:11:53','A'),(1248,1,'2018-11-15 15:11:53','A'),(1249,1,'2018-11-15 15:12:01','A'),(1250,1,'2018-11-15 15:12:01','A'),(1251,1,'2018-11-15 15:12:02','A'),(1252,1,'2018-11-15 15:12:02','A'),(1253,1,'2018-11-15 15:12:03','A'),(1254,1,'2018-11-15 15:12:03','A'),(1255,1,'2018-11-15 15:12:03','A'),(1256,1,'2018-11-15 15:12:04','A'),(1257,1,'2018-11-15 15:12:04','A'),(1258,1,'2018-11-15 15:12:05','A'),(1259,1,'2018-11-15 15:12:05','A'),(1260,1,'2018-11-15 15:12:06','A'),(1261,1,'2018-11-15 16:51:09','A'),(1261,2,'2018-11-15 16:51:09','A'),(1262,1,'2018-11-15 16:51:09','A'),(1262,2,'2018-11-15 16:51:09','A'),(1263,1,'2018-11-15 16:51:12','A'),(1263,2,'2018-11-15 16:51:12','A'),(1264,1,'2018-11-15 16:51:15','A'),(1264,2,'2018-11-15 16:51:15','A'),(1265,1,'2018-11-15 16:51:16','A'),(1265,2,'2018-11-15 16:51:16','A'),(1266,1,'2018-11-15 16:51:17','A'),(1266,2,'2018-11-15 16:51:17','A'),(1267,1,'2018-11-15 16:51:17','A'),(1267,2,'2018-11-15 16:51:17','A'),(1268,1,'2018-11-15 16:51:17','A'),(1268,2,'2018-11-15 16:51:17','A'),(1269,1,'2018-11-15 16:51:23','A'),(1269,2,'2018-11-15 16:51:23','A'),(1270,1,'2018-11-15 16:51:24','A'),(1270,2,'2018-11-15 16:51:24','A'),(1271,1,'2018-11-15 16:51:24','A'),(1271,2,'2018-11-15 16:51:24','A'),(1272,1,'2018-11-15 16:57:35','A'),(1272,2,'2018-11-15 16:57:35','A'),(1273,1,'2018-11-15 16:57:35','A'),(1273,2,'2018-11-15 16:57:35','A'),(1274,1,'2018-11-15 16:57:37','A'),(1274,2,'2018-11-15 16:57:37','A'),(1275,1,'2018-11-15 16:57:38','A'),(1275,2,'2018-11-15 16:57:38','A'),(1276,1,'2018-11-15 16:57:38','A'),(1276,2,'2018-11-15 16:57:38','A'),(1277,1,'2018-11-15 16:57:39','A'),(1277,2,'2018-11-15 16:57:39','A'),(1278,1,'2018-11-15 16:57:39','A'),(1278,2,'2018-11-15 16:57:39','A'),(1279,1,'2018-11-15 16:57:45','A'),(1279,2,'2018-11-15 16:57:45','A'),(1280,1,'2018-11-15 16:57:45','A'),(1280,2,'2018-11-15 16:57:45','A'),(1281,1,'2018-11-15 16:57:45','A'),(1281,2,'2018-11-15 16:57:45','A'),(1282,1,'2018-11-15 16:57:46','A'),(1282,2,'2018-11-15 16:57:46','A'),(1283,1,'2018-11-15 16:57:46','A'),(1283,2,'2018-11-15 16:57:46','A'),(1284,1,'2018-11-15 16:57:46','A'),(1284,2,'2018-11-15 16:57:46','A'),(1285,1,'2018-11-15 16:57:46','A'),(1285,2,'2018-11-15 16:57:46','A'),(1286,1,'2018-11-15 16:57:47','A'),(1286,2,'2018-11-15 16:57:47','A'),(1287,1,'2018-11-17 17:54:24','A'),(1287,2,'2018-11-17 17:54:24','I'),(1288,1,'2018-11-17 17:54:25','A'),(1288,2,'2018-11-17 17:54:25','I'),(1289,1,'2018-11-17 17:54:26','A'),(1289,2,'2018-11-17 17:54:26','I'),(1290,1,'2018-11-17 17:54:59','A'),(1290,2,'2018-11-17 17:54:59','I'),(1291,1,'2018-11-17 17:55:01','A'),(1291,2,'2018-11-17 17:55:01','I'),(1292,1,'2018-11-17 17:55:03','A'),(1292,2,'2018-11-17 17:55:03','I'),(1293,1,'2018-11-17 17:55:06','A'),(1293,2,'2018-11-17 17:55:06','I'),(1294,1,'2018-11-17 17:55:08','A'),(1294,2,'2018-11-17 17:55:08','I'),(1295,1,'2018-11-17 17:56:11','A'),(1296,1,'2018-11-17 17:56:11','A'),(1297,1,'2018-11-24 01:29:18','A'),(1297,2,'2018-11-24 01:29:18','I'),(1298,1,'2018-11-24 01:29:18','A'),(1298,2,'2018-11-24 01:29:18','I'),(1299,1,'2018-11-24 01:29:23','A'),(1299,2,'2018-11-24 01:29:23','I'),(1300,1,'2018-11-24 01:29:28','A'),(1300,2,'2018-11-24 01:29:28','I'),(1301,1,'2018-11-24 01:29:36','A'),(1301,95,'2018-11-24 01:29:36','I'),(1302,1,'2018-11-24 01:29:37','A'),(1302,95,'2018-11-24 01:29:37','I'),(1303,1,'2018-11-24 01:29:42','A'),(1303,95,'2018-11-24 01:29:42','I'),(1304,1,'2018-11-24 01:29:43','A'),(1304,95,'2018-11-24 01:29:43','I'),(1305,1,'2018-11-24 01:29:49','A'),(1305,95,'2018-11-24 01:29:49','I'),(1306,1,'2018-11-24 01:29:58','A'),(1306,2,'2018-11-24 01:29:58','I'),(1307,1,'2018-11-24 01:29:58','A'),(1307,2,'2018-11-24 01:29:58','I'),(1308,1,'2018-11-24 01:30:04','A'),(1308,95,'2018-11-24 01:30:04','I'),(1309,1,'2018-11-24 01:30:59','A'),(1309,95,'2018-11-24 01:30:59','I'),(1310,1,'2018-11-24 01:31:00','A'),(1310,95,'2018-11-24 01:31:00','I'),(1311,1,'2018-11-24 01:31:01','A'),(1311,95,'2018-11-24 01:31:01','I'),(1312,1,'2018-11-24 01:31:01','A'),(1312,95,'2018-11-24 01:31:01','I'),(1313,1,'2018-11-24 01:31:02','A'),(1313,95,'2018-11-24 01:31:02','I'),(1314,1,'2018-11-24 01:31:18','A'),(1314,95,'2018-11-24 01:31:18','I'),(1315,1,'2018-11-24 01:31:19','A'),(1315,95,'2018-11-24 01:31:19','I'),(1316,1,'2018-11-24 01:31:20','A'),(1316,95,'2018-11-24 01:31:20','I'),(1317,1,'2018-11-24 01:31:25','A'),(1317,2,'2018-11-24 01:31:25','I'),(1317,132,'2018-11-24 01:31:25','I'),(1318,1,'2018-11-24 01:31:25','A'),(1318,2,'2018-11-24 01:31:25','I'),(1318,132,'2018-11-24 01:31:25','I'),(1319,1,'2018-11-24 01:31:32','A'),(1319,2,'2018-11-24 01:31:32','I'),(1320,1,'2018-11-24 01:31:32','A'),(1320,2,'2018-11-24 01:31:32','I'),(1321,1,'2018-11-24 01:31:39','A'),(1321,2,'2018-11-24 01:31:39','I'),(1322,1,'2018-11-24 01:31:40','A'),(1322,2,'2018-11-24 01:31:40','I'),(1323,1,'2018-11-24 01:31:40','A'),(1323,2,'2018-11-24 01:31:40','I'),(1324,1,'2018-11-24 01:31:41','A'),(1324,2,'2018-11-24 01:31:41','I'),(1325,1,'2018-11-24 01:31:48','A'),(1326,1,'2018-11-24 01:31:48','A'),(1327,1,'2018-11-24 01:31:53','A'),(1328,1,'2018-11-24 01:31:54','A'),(1329,1,'2018-11-24 01:32:00','A'),(1330,1,'2018-11-24 01:32:00','A'),(1331,1,'2018-11-24 01:32:01','A'),(1332,1,'2018-11-24 01:32:12','A'),(1333,1,'2018-11-26 12:53:59','A'),(1333,2,'2018-11-26 12:53:59','I'),(1333,200,'2018-11-26 12:53:59','A'),(1334,1,'2018-11-26 12:53:59','A'),(1334,2,'2018-11-26 12:53:59','I'),(1334,200,'2018-11-26 12:53:59','A'),(1335,1,'2018-11-26 12:54:04','A'),(1335,2,'2018-11-26 12:54:04','I'),(1335,200,'2018-11-26 12:54:04','A'),(1336,1,'2018-11-26 12:54:09','A'),(1336,2,'2018-11-26 12:54:09','I'),(1336,200,'2018-11-26 12:54:09','A'),(1337,1,'2018-11-26 12:54:11','A'),(1337,2,'2018-11-26 12:54:11','I'),(1337,200,'2018-11-26 12:54:11','A'),(1338,1,'2018-11-26 12:54:13','A'),(1338,2,'2018-11-26 12:54:13','I'),(1338,200,'2018-11-26 12:54:13','A'),(1339,1,'2018-11-26 12:54:15','A'),(1339,2,'2018-11-26 12:54:15','I'),(1339,200,'2018-11-26 12:54:15','A'),(1340,1,'2018-11-26 12:54:16','A'),(1340,2,'2018-11-26 12:54:16','I'),(1340,200,'2018-11-26 12:54:16','A'),(1341,1,'2018-11-26 12:54:17','A'),(1341,2,'2018-11-26 12:54:17','I'),(1341,200,'2018-11-26 12:54:17','A'),(1342,1,'2018-11-26 12:54:17','A'),(1342,2,'2018-11-26 12:54:17','I'),(1342,200,'2018-11-26 12:54:17','A'),(1343,1,'2018-11-26 12:54:18','A'),(1343,2,'2018-11-26 12:54:18','I'),(1343,200,'2018-11-26 12:54:18','A'),(1344,1,'2018-11-26 12:54:18','A'),(1344,2,'2018-11-26 12:54:18','I'),(1344,200,'2018-11-26 12:54:18','A'),(1345,1,'2018-11-26 12:54:18','A'),(1345,2,'2018-11-26 12:54:18','I'),(1345,200,'2018-11-26 12:54:18','A'),(1346,1,'2018-11-26 12:54:18','A'),(1346,2,'2018-11-26 12:54:18','I'),(1346,200,'2018-11-26 12:54:18','A'),(1347,1,'2018-11-26 12:54:19','A'),(1347,2,'2018-11-26 12:54:19','I'),(1347,200,'2018-11-26 12:54:19','A'),(1348,1,'2018-11-26 12:54:19','A'),(1348,2,'2018-11-26 12:54:19','I'),(1348,200,'2018-11-26 12:54:19','A'),(1349,1,'2018-11-26 12:54:19','A'),(1349,2,'2018-11-26 12:54:19','I'),(1349,200,'2018-11-26 12:54:19','A'),(1350,1,'2018-11-26 12:54:19','A'),(1350,2,'2018-11-26 12:54:19','I'),(1350,200,'2018-11-26 12:54:19','A'),(1351,1,'2018-11-26 12:54:20','A'),(1351,2,'2018-11-26 12:54:20','I'),(1351,200,'2018-11-26 12:54:20','A'),(1352,1,'2018-11-26 12:54:20','A'),(1352,2,'2018-11-26 12:54:20','I'),(1352,200,'2018-11-26 12:54:20','A'),(1353,1,'2018-11-26 12:54:20','A'),(1353,2,'2018-11-26 12:54:20','I'),(1353,200,'2018-11-26 12:54:20','A'),(1354,1,'2018-11-26 12:54:20','A'),(1354,2,'2018-11-26 12:54:20','I'),(1354,200,'2018-11-26 12:54:20','A'),(1355,1,'2018-11-26 12:54:20','A'),(1355,2,'2018-11-26 12:54:20','I'),(1355,200,'2018-11-26 12:54:20','A'),(1356,1,'2018-11-26 12:54:21','A'),(1356,2,'2018-11-26 12:54:21','I'),(1356,200,'2018-11-26 12:54:21','A'),(1357,1,'2018-11-26 12:54:21','A'),(1357,2,'2018-11-26 12:54:21','I'),(1357,200,'2018-11-26 12:54:21','A'),(1358,1,'2018-11-26 12:54:21','A'),(1358,2,'2018-11-26 12:54:21','I'),(1358,200,'2018-11-26 12:54:21','A'),(1359,1,'2018-11-26 12:54:21','A'),(1359,2,'2018-11-26 12:54:21','I'),(1359,200,'2018-11-26 12:54:21','A'),(1360,1,'2018-11-26 12:54:21','A'),(1360,2,'2018-11-26 12:54:21','I'),(1360,200,'2018-11-26 12:54:21','A'),(1361,1,'2018-11-26 12:54:22','A'),(1361,2,'2018-11-26 12:54:22','I'),(1361,200,'2018-11-26 12:54:22','A'),(1362,1,'2018-11-26 12:54:22','A'),(1362,2,'2018-11-26 12:54:22','I'),(1362,200,'2018-11-26 12:54:22','A'),(1363,1,'2018-11-26 12:54:22','A'),(1363,2,'2018-11-26 12:54:22','I'),(1363,200,'2018-11-26 12:54:22','A'),(1364,1,'2018-11-26 12:54:23','A'),(1364,2,'2018-11-26 12:54:23','I'),(1364,200,'2018-11-26 12:54:23','A'),(1365,1,'2018-11-26 12:54:23','A'),(1365,2,'2018-11-26 12:54:23','I'),(1365,200,'2018-11-26 12:54:23','A'),(1366,1,'2018-11-26 12:54:23','A'),(1366,2,'2018-11-26 12:54:23','I'),(1366,200,'2018-11-26 12:54:23','A'),(1367,1,'2018-11-26 12:54:23','A'),(1367,2,'2018-11-26 12:54:23','I'),(1367,200,'2018-11-26 12:54:23','A'),(1368,1,'2018-11-26 12:54:24','A'),(1368,2,'2018-11-26 12:54:24','I'),(1368,200,'2018-11-26 12:54:24','A'),(1369,1,'2018-11-26 12:54:24','A'),(1369,2,'2018-11-26 12:54:24','I'),(1369,200,'2018-11-26 12:54:24','A'),(1370,1,'2018-11-26 12:54:24','A'),(1370,2,'2018-11-26 12:54:24','I'),(1370,200,'2018-11-26 12:54:24','A'),(1371,1,'2018-11-26 12:54:24','A'),(1371,2,'2018-11-26 12:54:24','I'),(1371,200,'2018-11-26 12:54:24','A'),(1372,1,'2018-11-26 12:54:24','A'),(1372,2,'2018-11-26 12:54:24','I'),(1372,200,'2018-11-26 12:54:24','A'),(1373,1,'2018-11-26 12:54:25','A'),(1373,2,'2018-11-26 12:54:25','I'),(1373,200,'2018-11-26 12:54:25','A'),(1374,1,'2018-11-26 12:54:28','A'),(1374,2,'2018-11-26 12:54:28','I'),(1374,200,'2018-11-26 12:54:28','A'),(1375,1,'2018-11-26 12:54:29','A'),(1375,2,'2018-11-26 12:54:29','I'),(1375,200,'2018-11-26 12:54:29','A'),(1376,1,'2018-11-26 12:54:30','A'),(1376,2,'2018-11-26 12:54:30','I'),(1376,200,'2018-11-26 12:54:30','A'),(1377,1,'2018-11-26 12:54:31','A'),(1377,2,'2018-11-26 12:54:31','I'),(1377,200,'2018-11-26 12:54:31','A'),(1378,1,'2018-11-26 12:54:31','A'),(1378,2,'2018-11-26 12:54:31','I'),(1378,200,'2018-11-26 12:54:31','A'),(1379,1,'2018-11-26 12:54:32','A'),(1379,2,'2018-11-26 12:54:32','I'),(1379,200,'2018-11-26 12:54:32','A'),(1380,1,'2018-11-26 12:56:44','A'),(1380,2,'2018-11-26 12:56:44','I'),(1380,200,'2018-11-26 12:56:44','A'),(1381,1,'2018-11-26 12:56:45','A'),(1381,2,'2018-11-26 12:56:45','I'),(1381,200,'2018-11-26 12:56:45','A'),(1382,1,'2018-11-26 12:56:46','A'),(1382,2,'2018-11-26 12:56:46','I'),(1382,200,'2018-11-26 12:56:46','A'),(1383,1,'2018-11-26 12:56:49','A'),(1383,2,'2018-11-26 12:56:49','I'),(1383,200,'2018-11-26 12:56:49','A'),(1384,1,'2018-11-26 12:56:51','A'),(1384,2,'2018-11-26 12:56:51','I'),(1384,200,'2018-11-26 12:56:51','A'),(1385,1,'2018-11-26 12:56:52','A'),(1385,2,'2018-11-26 12:56:52','I'),(1385,200,'2018-11-26 12:56:52','A'),(1386,1,'2018-11-26 12:56:54','A'),(1386,2,'2018-11-26 12:56:54','I'),(1386,200,'2018-11-26 12:56:54','A'),(1387,1,'2018-11-26 12:56:55','A'),(1387,2,'2018-11-26 12:56:55','I'),(1387,200,'2018-11-26 12:56:55','A'),(1388,1,'2018-11-26 12:56:55','A'),(1388,2,'2018-11-26 12:56:55','I'),(1388,200,'2018-11-26 12:56:55','A'),(1389,1,'2018-11-26 12:57:22','A'),(1389,2,'2018-11-26 12:57:22','I'),(1389,200,'2018-11-26 12:57:22','A'),(1390,1,'2018-11-26 12:57:23','A'),(1390,2,'2018-11-26 12:57:23','I'),(1390,200,'2018-11-26 12:57:23','A'),(1391,1,'2018-11-26 12:57:23','A'),(1391,2,'2018-11-26 12:57:23','I'),(1391,200,'2018-11-26 12:57:23','A'),(1392,1,'2018-11-26 12:57:24','A'),(1392,2,'2018-11-26 12:57:24','I'),(1392,200,'2018-11-26 12:57:24','A'),(1393,1,'2018-11-26 12:57:25','A'),(1393,2,'2018-11-26 12:57:25','I'),(1393,200,'2018-11-26 12:57:25','A'),(1394,1,'2018-11-26 12:57:25','A'),(1394,2,'2018-11-26 12:57:25','I'),(1394,200,'2018-11-26 12:57:25','A'),(1395,1,'2018-11-26 12:57:25','A'),(1395,2,'2018-11-26 12:57:25','I'),(1395,200,'2018-11-26 12:57:25','A'),(1396,1,'2018-11-26 12:57:25','A'),(1396,2,'2018-11-26 12:57:25','I'),(1396,200,'2018-11-26 12:57:25','A'),(1397,1,'2018-11-26 12:57:26','A'),(1397,2,'2018-11-26 12:57:26','I'),(1397,200,'2018-11-26 12:57:26','A'),(1398,1,'2018-11-26 12:57:26','A'),(1398,2,'2018-11-26 12:57:26','I'),(1398,200,'2018-11-26 12:57:26','A'),(1399,1,'2018-11-26 12:57:26','A'),(1399,2,'2018-11-26 12:57:26','I'),(1399,200,'2018-11-26 12:57:26','A'),(1400,1,'2018-11-26 12:57:27','A'),(1400,2,'2018-11-26 12:57:27','I'),(1400,200,'2018-11-26 12:57:27','A'),(1401,1,'2018-11-26 12:57:27','A'),(1401,2,'2018-11-26 12:57:27','I'),(1401,200,'2018-11-26 12:57:27','A'),(1402,1,'2018-11-26 12:57:27','A'),(1402,2,'2018-11-26 12:57:27','I'),(1402,200,'2018-11-26 12:57:27','A'),(1403,1,'2018-11-26 12:57:27','A'),(1403,2,'2018-11-26 12:57:27','I'),(1403,200,'2018-11-26 12:57:27','A'),(1404,1,'2018-11-26 12:57:27','A'),(1404,2,'2018-11-26 12:57:27','I'),(1404,200,'2018-11-26 12:57:27','A'),(1405,1,'2018-11-26 12:57:28','A'),(1405,2,'2018-11-26 12:57:28','I'),(1405,200,'2018-11-26 12:57:28','A'),(1406,1,'2018-11-26 12:57:32','A'),(1406,2,'2018-11-26 12:57:32','I'),(1406,200,'2018-11-26 12:57:32','A'),(1407,1,'2018-11-26 12:57:33','A'),(1407,2,'2018-11-26 12:57:33','I'),(1407,200,'2018-11-26 12:57:33','A'),(1408,1,'2018-11-26 12:59:23','A'),(1408,2,'2018-11-26 12:59:23','I'),(1408,200,'2018-11-26 12:59:23','A'),(1409,1,'2018-11-26 12:59:24','A'),(1409,2,'2018-11-26 12:59:24','I'),(1409,200,'2018-11-26 12:59:24','A'),(1410,1,'2018-11-26 12:59:25','A'),(1410,2,'2018-11-26 12:59:25','I'),(1410,200,'2018-11-26 12:59:25','A'),(1411,1,'2018-11-26 12:59:26','A'),(1411,2,'2018-11-26 12:59:26','I'),(1411,200,'2018-11-26 12:59:26','A'),(1412,1,'2018-11-26 12:59:30','A'),(1412,2,'2018-11-26 12:59:30','I'),(1412,200,'2018-11-26 12:59:30','A'),(1413,1,'2018-11-26 12:59:32','A'),(1413,2,'2018-11-26 12:59:32','I'),(1413,200,'2018-11-26 12:59:32','A'),(1414,1,'2018-11-26 12:59:33','A'),(1414,2,'2018-11-26 12:59:33','I'),(1414,200,'2018-11-26 12:59:33','A'),(1415,1,'2018-11-26 12:59:34','A'),(1415,2,'2018-11-26 12:59:34','I'),(1415,200,'2018-11-26 12:59:34','A'),(1416,1,'2018-11-26 13:01:24','A'),(1416,2,'2018-11-26 13:01:24','I'),(1416,200,'2018-11-26 13:01:24','A'),(1417,1,'2018-11-26 13:01:25','A'),(1417,2,'2018-11-26 13:01:25','I'),(1417,200,'2018-11-26 13:01:25','A'),(1418,1,'2018-11-26 13:01:26','A'),(1418,2,'2018-11-26 13:01:26','I'),(1418,200,'2018-11-26 13:01:26','A'),(1419,1,'2018-11-26 13:01:28','A'),(1419,2,'2018-11-26 13:01:28','I'),(1419,200,'2018-11-26 13:01:28','A'),(1420,1,'2018-11-26 13:01:30','A'),(1420,2,'2018-11-26 13:01:30','I'),(1420,200,'2018-11-26 13:01:30','A'),(1421,1,'2018-11-26 13:01:31','A'),(1421,2,'2018-11-26 13:01:31','I'),(1421,200,'2018-11-26 13:01:31','A'),(1422,1,'2018-11-26 13:01:31','A'),(1422,2,'2018-11-26 13:01:31','I'),(1422,200,'2018-11-26 13:01:31','A'),(1423,1,'2018-11-26 13:01:32','A'),(1423,2,'2018-11-26 13:01:32','I'),(1423,200,'2018-11-26 13:01:32','A'),(1424,201,'2018-12-01 14:44:53','A'),(1425,201,'2018-12-01 14:44:53','A'),(1426,201,'2018-12-01 14:45:02','A'),(1427,201,'2018-12-01 14:45:07','A'),(1428,1,'2018-12-01 14:45:15','A'),(1428,201,'2018-12-01 14:45:15','A'),(1429,1,'2018-12-01 14:45:26','A'),(1429,201,'2018-12-01 14:45:26','A'),(1430,1,'2018-12-01 14:45:31','A'),(1430,201,'2018-12-01 14:45:31','A'),(1431,1,'2018-12-01 14:45:42','A'),(1431,201,'2018-12-01 14:45:42','A'),(1432,1,'2018-12-01 14:45:51','A'),(1432,201,'2018-12-01 14:45:51','A'),(1433,1,'2018-12-01 14:46:09','A'),(1433,201,'2018-12-01 14:46:09','A'),(1434,1,'2018-12-01 14:46:25','A'),(1434,201,'2018-12-01 14:46:25','A'),(1435,1,'2018-12-01 14:46:32','A'),(1435,201,'2018-12-01 14:46:32','A'),(1436,1,'2018-12-01 14:46:35','A'),(1436,201,'2018-12-01 14:46:35','A'),(1437,1,'2018-12-01 14:46:46','A'),(1437,201,'2018-12-01 14:46:46','A'),(1438,201,'2018-12-01 14:47:10','A'),(1439,201,'2018-12-01 14:47:16','A'),(1440,201,'2018-12-01 14:47:17','A'),(1441,1,'2018-12-01 14:47:21','A'),(1441,201,'2018-12-01 14:47:21','A'),(1442,201,'2018-12-01 14:47:45','A'),(1443,1,'2018-12-01 14:48:16','A'),(1443,2,'2018-12-01 14:48:16','I'),(1443,200,'2018-12-01 14:48:16','I'),(1443,201,'2018-12-01 14:48:16','A'),(1444,1,'2018-12-01 14:48:17','A'),(1444,2,'2018-12-01 14:48:17','I'),(1444,200,'2018-12-01 14:48:17','I'),(1444,201,'2018-12-01 14:48:17','A'),(1445,2,'2018-12-03 20:30:37','A'),(1445,201,'2018-12-03 20:30:37','I'),(1446,2,'2018-12-03 20:30:37','A'),(1446,201,'2018-12-03 20:30:37','I'),(1447,2,'2018-12-03 20:30:48','A'),(1447,201,'2018-12-03 20:30:48','I'),(1448,2,'2018-12-03 20:30:53','A'),(1448,201,'2018-12-03 20:30:53','I'),(1449,2,'2018-12-03 20:30:54','A'),(1449,201,'2018-12-03 20:30:54','I'),(1450,203,'2019-01-09 01:59:27','I'),(1451,203,'2019-01-09 01:59:27','I'),(1452,1,'2019-01-09 03:13:59','A'),(1452,200,'2019-01-09 03:13:59','I'),(1452,201,'2019-01-09 03:13:59','I'),(1452,203,'2019-01-09 03:13:59','A'),(1453,1,'2019-01-09 03:13:59','A'),(1453,200,'2019-01-09 03:13:59','I'),(1453,201,'2019-01-09 03:13:59','I'),(1453,203,'2019-01-09 03:13:59','A'),(1454,204,'2019-01-09 17:30:26','I'),(1455,204,'2019-01-09 17:30:26','I'),(1456,204,'2019-01-09 17:31:30','I'),(1457,204,'2019-01-09 17:31:31','I'),(1458,204,'2019-01-10 17:02:35','I'),(1459,204,'2019-01-10 17:02:35','I'),(1460,204,'2019-01-10 17:03:06','I'),(1461,204,'2019-01-10 17:03:07','I'),(1462,204,'2019-01-10 17:05:13','I'),(1463,204,'2019-01-10 17:05:13','I'),(1464,204,'2019-01-10 17:05:49','I'),(1465,204,'2019-01-10 17:05:49','I'),(1466,204,'2019-01-10 17:06:25','I'),(1467,204,'2019-01-10 17:06:25','I'),(1468,204,'2019-01-10 17:06:43','I'),(1469,204,'2019-01-10 17:06:43','I'),(1470,204,'2019-01-10 17:10:48','I'),(1471,204,'2019-01-10 17:10:48','I'),(1472,1,'2019-01-10 17:18:07','A'),(1472,200,'2019-01-10 17:18:07','I'),(1472,201,'2019-01-10 17:18:07','I'),(1472,203,'2019-01-10 17:18:07','I'),(1472,204,'2019-01-10 17:18:07','A'),(1473,1,'2019-01-10 17:18:07','A'),(1473,200,'2019-01-10 17:18:07','I'),(1473,201,'2019-01-10 17:18:07','I'),(1473,203,'2019-01-10 17:18:07','I'),(1473,204,'2019-01-10 17:18:07','A'),(1474,204,'2019-01-12 15:50:20','A'),(1475,204,'2019-01-12 15:50:20','A'),(1476,203,'2019-01-12 17:53:13','I'),(1476,204,'2019-01-12 17:53:13','A'),(1477,203,'2019-01-12 17:53:13','I'),(1477,204,'2019-01-12 17:53:13','A'),(1478,1,'2019-01-12 17:56:34','A'),(1478,203,'2019-01-12 17:56:34','I'),(1478,204,'2019-01-12 17:56:34','A'),(1479,1,'2019-01-12 18:15:53','A'),(1479,200,'2019-01-12 18:15:53','I'),(1479,201,'2019-01-12 18:15:53','I'),(1479,203,'2019-01-12 18:15:53','I'),(1479,204,'2019-01-12 18:15:53','A'),(1480,1,'2019-01-12 18:15:53','A'),(1480,200,'2019-01-12 18:15:53','I'),(1480,201,'2019-01-12 18:15:53','I'),(1480,203,'2019-01-12 18:15:53','I'),(1480,204,'2019-01-12 18:15:53','A'),(1481,1,'2019-01-12 18:15:55','A'),(1481,200,'2019-01-12 18:15:55','I'),(1481,201,'2019-01-12 18:15:55','I'),(1481,203,'2019-01-12 18:15:55','I'),(1481,204,'2019-01-12 18:15:55','A'),(1482,1,'2019-01-12 18:15:56','A'),(1482,200,'2019-01-12 18:15:56','I'),(1482,201,'2019-01-12 18:15:56','I'),(1482,203,'2019-01-12 18:15:56','I'),(1482,204,'2019-01-12 18:15:56','A'),(1483,1,'2019-01-12 18:15:57','A'),(1483,200,'2019-01-12 18:15:57','I'),(1483,201,'2019-01-12 18:15:57','I'),(1483,203,'2019-01-12 18:15:57','I'),(1483,204,'2019-01-12 18:15:57','A'),(1484,1,'2019-01-12 18:17:57','A'),(1484,2,'2019-01-12 18:17:57','I'),(1484,200,'2019-01-12 18:17:57','I'),(1484,201,'2019-01-12 18:17:57','I'),(1484,203,'2019-01-12 18:17:57','I'),(1484,204,'2019-01-12 18:17:57','A'),(1485,1,'2019-01-12 18:17:58','A'),(1485,2,'2019-01-12 18:17:58','I'),(1485,200,'2019-01-12 18:17:58','I'),(1485,201,'2019-01-12 18:17:58','I'),(1485,203,'2019-01-12 18:17:58','I'),(1485,204,'2019-01-12 18:17:58','A'),(1486,1,'2019-01-12 18:18:10','A'),(1486,2,'2019-01-12 18:18:10','I'),(1486,200,'2019-01-12 18:18:10','I'),(1486,201,'2019-01-12 18:18:10','I'),(1486,203,'2019-01-12 18:18:10','I'),(1486,204,'2019-01-12 18:18:10','A'),(1487,1,'2019-01-12 18:18:10','A'),(1487,2,'2019-01-12 18:18:10','I'),(1487,200,'2019-01-12 18:18:10','I'),(1487,201,'2019-01-12 18:18:10','I'),(1487,203,'2019-01-12 18:18:10','I'),(1487,204,'2019-01-12 18:18:10','A'),(1488,1,'2019-01-12 18:18:10','A'),(1488,2,'2019-01-12 18:18:10','I'),(1488,200,'2019-01-12 18:18:10','I'),(1488,201,'2019-01-12 18:18:10','I'),(1488,203,'2019-01-12 18:18:10','I'),(1488,204,'2019-01-12 18:18:10','A'),(1489,1,'2019-01-12 18:18:25','A'),(1489,2,'2019-01-12 18:18:25','I'),(1489,200,'2019-01-12 18:18:25','I'),(1489,201,'2019-01-12 18:18:25','I'),(1489,203,'2019-01-12 18:18:25','I'),(1489,204,'2019-01-12 18:18:25','A'),(1490,1,'2019-01-12 18:18:26','A'),(1490,2,'2019-01-12 18:18:26','I'),(1490,200,'2019-01-12 18:18:26','I'),(1490,201,'2019-01-12 18:18:26','I'),(1490,203,'2019-01-12 18:18:26','I'),(1490,204,'2019-01-12 18:18:26','A'),(1491,1,'2019-01-12 18:18:34','A'),(1492,1,'2019-01-12 18:18:34','A'),(1493,1,'2019-01-12 18:18:35','A'),(1494,1,'2019-01-12 18:18:36','A'),(1495,1,'2019-01-12 18:18:42','A'),(1496,1,'2019-01-12 18:18:43','A'),(1497,1,'2019-01-12 18:18:47','A'),(1497,2,'2019-01-12 18:18:47','I'),(1497,200,'2019-01-12 18:18:47','I'),(1497,201,'2019-01-12 18:18:47','I'),(1497,203,'2019-01-12 18:18:47','I'),(1497,204,'2019-01-12 18:18:47','A'),(1498,1,'2019-01-12 18:18:48','A'),(1498,2,'2019-01-12 18:18:48','I'),(1498,200,'2019-01-12 18:18:48','I'),(1498,201,'2019-01-12 18:18:48','I'),(1498,203,'2019-01-12 18:18:48','I'),(1498,204,'2019-01-12 18:18:48','A'),(1499,1,'2019-01-12 18:18:48','A'),(1499,2,'2019-01-12 18:18:48','I'),(1499,200,'2019-01-12 18:18:48','I'),(1499,201,'2019-01-12 18:18:48','I'),(1499,203,'2019-01-12 18:18:48','I'),(1499,204,'2019-01-12 18:18:48','A'),(1500,1,'2019-01-12 18:18:49','A'),(1500,2,'2019-01-12 18:18:49','I'),(1500,200,'2019-01-12 18:18:49','I'),(1500,201,'2019-01-12 18:18:49','I'),(1500,203,'2019-01-12 18:18:49','I'),(1500,204,'2019-01-12 18:18:49','A'),(1501,1,'2019-01-12 18:22:46','A'),(1501,204,'2019-01-12 18:22:46','A'),(1502,204,'2019-01-12 18:23:55','A'),(1503,1,'2019-01-12 18:24:23','A'),(1503,204,'2019-01-12 18:24:23','A'),(1504,204,'2019-01-12 18:24:52','A'),(1505,1,'2019-01-12 18:24:55','A'),(1505,204,'2019-01-12 18:24:55','A'),(1506,204,'2019-01-12 18:25:13','A'),(1507,1,'2019-01-12 18:25:17','A'),(1507,204,'2019-01-12 18:25:17','A'),(1508,204,'2019-01-12 18:25:20','A'),(1509,1,'2019-01-12 18:29:52','A'),(1509,204,'2019-01-12 18:29:52','A'),(1510,1,'2019-01-12 18:30:40','A'),(1510,2,'2019-01-12 18:30:40','I'),(1510,201,'2019-01-12 18:30:40','I'),(1510,203,'2019-01-12 18:30:40','I'),(1510,204,'2019-01-12 18:30:40','A'),(1511,2,'2019-01-12 19:32:30','I'),(1511,201,'2019-01-12 19:32:30','I'),(1511,204,'2019-01-12 19:32:30','A'),(1512,2,'2019-01-12 19:32:30','I'),(1512,201,'2019-01-12 19:32:30','I'),(1512,204,'2019-01-12 19:32:30','A'),(1513,2,'2019-02-10 14:45:27','I'),(1513,201,'2019-02-10 14:45:27','I'),(1514,2,'2019-02-10 14:45:27','I'),(1514,201,'2019-02-10 14:45:27','I'),(1515,1,'2019-04-11 00:16:02','I'),(1515,2,'2019-04-11 00:16:02','I'),(1515,221,'2019-04-11 00:16:02','A'),(1516,1,'2019-04-11 00:16:02','I'),(1516,2,'2019-04-11 00:16:02','I'),(1516,221,'2019-04-11 00:16:02','A'),(1517,1,'2019-04-11 00:16:05','I'),(1517,2,'2019-04-11 00:16:05','I'),(1517,221,'2019-04-11 00:16:05','A'),(1517,222,'2019-04-11 00:16:05','A'),(1518,1,'2019-04-11 00:16:10','I'),(1518,2,'2019-04-11 00:16:10','I'),(1518,221,'2019-04-11 00:16:10','A'),(1518,222,'2019-04-11 00:16:10','A'),(1519,1,'2019-04-11 00:32:09','I'),(1519,2,'2019-04-11 00:32:09','I'),(1519,221,'2019-04-11 00:32:09','A'),(1519,222,'2019-04-11 00:32:09','A'),(1520,1,'2019-04-11 00:32:25','I'),(1520,2,'2019-04-11 00:32:25','I'),(1520,221,'2019-04-11 00:32:25','A'),(1520,222,'2019-04-11 00:32:25','A');
/*!40000 ALTER TABLE `mensagem_visualizacao` ENABLE KEYS */;
UNLOCK TABLES;

--
-- Table structure for table `publi_denun`
--

DROP TABLE IF EXISTS `publi_denun`;
/*!40101 SET @saved_cs_client     = @@character_set_client */;
/*!40101 SET character_set_client = utf8 */;
CREATE TABLE `publi_denun` (
  `cod_denun_publi` int(11) NOT NULL AUTO_INCREMENT,
  `ind_visu_adm_denun_publi` char(1) NOT NULL DEFAULT 'N',
  `motivo_denun_publi` longtext NOT NULL,
  `status_denun_publi` char(1) NOT NULL DEFAULT 'A',
  `dataHora_denun_publi` datetime NOT NULL,
  `cod_usu` int(11) NOT NULL,
  `cod_publi` int(11) NOT NULL,
  PRIMARY KEY (`cod_denun_publi`),
  KEY `fk_Usuario_has_Publicacao_Publicacao3_idx` (`cod_publi`),
  KEY `fk_Usuario_has_Publicacao_Usuario3_idx` (`cod_usu`),
  CONSTRAINT `fk_Usuario_has_Publicacao_Publicacao3` FOREIGN KEY (`cod_publi`) REFERENCES `publicacao` (`cod_publi`) ON DELETE NO ACTION ON UPDATE NO ACTION,
  CONSTRAINT `fk_Usuario_has_Publicacao_Usuario3` FOREIGN KEY (`cod_usu`) REFERENCES `usuario` (`cod_usu`) ON DELETE NO ACTION ON UPDATE NO ACTION
) ENGINE=InnoDB AUTO_INCREMENT=98 DEFAULT CHARSET=latin1;
/*!40101 SET character_set_client = @saved_cs_client */;

--
-- Dumping data for table `publi_denun`
--

LOCK TABLES `publi_denun` WRITE;
/*!40000 ALTER TABLE `publi_denun` DISABLE KEYS */;
INSERT INTO `publi_denun` VALUES (21,'V','Quero denunciar esta poha','A','2018-08-03 14:59:01',1,24),(22,'V','saASDASD','A','2018-08-03 15:11:47',1,13),(24,'N','Quero denunciar esta poha','A','2018-08-03 15:50:42',1,20),(25,'N','oloko meu','A','2018-08-03 15:56:37',1,15),(26,'V','dasdsadas','A','2018-08-03 15:57:48',3,24),(27,'V','dsadasdasd','I','2018-08-04 16:42:38',1,6),(28,'V','Quero denunciar esta poha\r\n','A','2018-08-31 15:45:45',1,24),(29,'V','Quero denunciar esta poha','A','2018-09-01 00:23:22',1,4),(30,'V','Quero denunciar esta poha','A','2018-09-01 00:26:49',2,24),(31,'V','Quero denunciar esta poha','A','2018-09-16 20:01:21',2,26),(32,'N','Nova Denunci adjfahjkdfhaskjf \r\nfgdghkfçlhkfghfg','I','2018-09-16 20:02:13',2,25),(33,'V','Quero denunciar','A','2018-09-21 16:24:35',2,21),(34,'V','dasdasdasdsad','A','2018-09-21 16:43:01',2,25),(35,'V','querfkajdkj askldjlkasd \r\nasgfd´pgpsodkgldfçlgkdsflç','I','2018-09-22 00:59:59',2,17),(36,'V','afdasdas','I','2018-09-22 01:05:01',2,2),(37,'V','dsadasdasd','A','2018-09-22 01:11:39',4,1),(38,'V','dsadasdasd32423432423','A','2018-09-22 01:11:51',4,26),(39,'V','dasda','I','2018-09-22 01:25:14',4,16),(40,'V','dsadas','I','2018-09-22 01:25:25',4,17),(41,'V','dadasd','I','2018-09-22 01:25:38',4,2),(42,'V','13244v2q45 tw3vt45wt45','I','2018-09-22 01:26:04',4,10),(43,'V','','I','2018-09-22 01:33:31',3,26),(44,'N','dasdasdas','I','2018-09-22 01:37:12',3,20),(45,'V','xsdadasd','I','2018-09-22 01:44:15',3,17),(46,'N','sadasds','I','2018-09-22 01:45:23',4,13),(47,'V','dasdasdasd','I','2018-09-22 01:45:33',4,23),(48,'N','dasdasd25345346546456','I','2018-10-05 18:18:38',1,27),(49,'N','Quero denunciar','I','2018-10-06 14:48:53',1,27),(50,'V','dasdasHORA publi\r\n','I','2018-10-13 16:51:05',1,42),(51,'N','dasdasdassd\r\n','I','2018-10-19 16:32:07',1,29),(52,'N','sadfsdfsdfsdf','I','2018-10-27 18:42:42',1,28),(53,'V','asdasdasdasd','I','2018-10-28 14:04:53',1,29),(54,'N','123','I','2018-10-28 15:38:19',2,23),(55,'N','5467','I','2018-10-28 15:51:44',2,16),(56,'N','123123','I','2018-10-28 15:53:48',2,23),(57,'N','1234','I','2018-10-28 17:00:26',2,23),(58,'N','1241232','I','2018-10-28 17:11:58',2,23),(59,'N','teste perfil\n','I','2018-10-28 17:15:11',2,16),(60,'N','12432','I','2018-10-28 17:16:04',2,11),(61,'N','12345','I','2018-10-28 17:28:34',2,10),(62,'N','fdsafdsfsdf','I','2018-10-28 17:28:50',2,9),(63,'N','teste salvar\n','I','2018-10-28 17:31:20',2,3),(64,'N','dfasdasdasfsdfg','I','2018-10-28 17:31:51',2,3),(65,'N','as','I','2018-10-28 17:37:02',2,23),(66,'N','as','I','2018-10-28 17:37:57',2,23),(67,'N','gfdgdfg','I','2018-10-28 17:38:15',2,23),(68,'N','teste 32432423','I','2018-10-28 17:38:26',2,23),(69,'N','asdasd','I','2018-10-28 17:44:56',2,23),(70,'N','te3','I','2018-10-28 18:00:40',2,16),(71,'V','dasdasdas','I','2018-10-30 01:05:08',1,27),(72,'N','Quero denunciar 1','I','2018-10-30 21:55:07',1,27),(73,'N','Quero denunciar 2\n','A','2018-10-30 21:55:37',1,7),(74,'N','Quero denunciar 3','I','2018-10-30 21:55:51',1,5),(75,'N','Quero denunciar 4','I','2018-10-30 21:56:03',1,6),(76,'N','12','A','2018-11-15 15:28:12',4,43),(77,'N','12','I','2018-11-15 15:38:50',4,17),(78,'N','s','I','2018-11-15 15:39:29',4,12),(79,'N','as','I','2018-11-15 15:53:46',4,9),(80,'N','123','A','2018-11-20 00:21:53',1,29),(81,'N','sdfsdfs','A','2018-11-20 00:26:08',2,23),(82,'N','zx','A','2018-12-03 19:58:42',1,27),(83,'N','as','A','2018-12-03 20:22:14',1,44),(84,'N','as','A','2018-12-03 20:27:34',1,42),(85,'N','a','A','2019-01-09 01:53:05',203,45),(86,'N','as','A','2019-01-10 16:21:47',204,45),(87,'N','as','A','2019-01-12 13:16:00',204,25),(88,'N','dasdasd','A','2019-01-12 13:24:27',204,16),(89,'N','s','A','2019-01-12 14:31:48',204,3),(90,'N','s','I','2019-01-12 14:39:02',204,44),(91,'N','sd','A','2019-01-12 14:44:27',204,21),(92,'N','sd','A','2019-01-12 15:01:45',204,17),(93,'V','s','A','2019-01-12 15:06:27',204,2),(94,'V','s','A','2019-01-12 15:34:16',204,11),(95,'N','sd','A','2019-01-12 20:18:26',204,42),(96,'N','sd','I','2019-01-12 20:37:47',204,27),(97,'N','Quero denunciar','A','2019-04-04 22:05:07',219,47);
/*!40000 ALTER TABLE `publi_denun` ENABLE KEYS */;
UNLOCK TABLES;

--
-- Table structure for table `publicacao`
--

DROP TABLE IF EXISTS `publicacao`;
/*!40101 SET @saved_cs_client     = @@character_set_client */;
/*!40101 SET character_set_client = utf8 */;
CREATE TABLE `publicacao` (
  `cod_publi` int(11) NOT NULL AUTO_INCREMENT,
  `status_publi` char(1) NOT NULL DEFAULT 'A',
  `texto_publi` longtext NOT NULL,
  `titulo_publi` varchar(60) NOT NULL,
  `dataHora_publi` datetime NOT NULL,
  `cod_usu` int(11) NOT NULL,
  `cod_cate` int(11) NOT NULL,
  `cep_logra` varchar(8) NOT NULL,
  `img_publi` varchar(100) DEFAULT NULL,
  PRIMARY KEY (`cod_publi`),
  KEY `fk_Publicacao_Usuario1_idx` (`cod_usu`),
  KEY `fk_Publicacao_Categorias1_idx` (`cod_cate`),
  KEY `fk_Publicacao_Logradouro1_idx` (`cep_logra`),
  CONSTRAINT `fk_Publicacao_Categorias1` FOREIGN KEY (`cod_cate`) REFERENCES `categoria` (`cod_cate`) ON DELETE NO ACTION ON UPDATE NO ACTION,
  CONSTRAINT `fk_Publicacao_Logradouro1` FOREIGN KEY (`cep_logra`) REFERENCES `logradouro` (`cep_logra`) ON DELETE NO ACTION ON UPDATE NO ACTION,
  CONSTRAINT `fk_Publicacao_Usuario1` FOREIGN KEY (`cod_usu`) REFERENCES `usuario` (`cod_usu`) ON DELETE NO ACTION ON UPDATE NO ACTION
) ENGINE=InnoDB AUTO_INCREMENT=49 DEFAULT CHARSET=latin1;
/*!40101 SET character_set_client = @saved_cs_client */;

--
-- Dumping data for table `publicacao`
--

LOCK TABLES `publicacao` WRITE;
/*!40000 ALTER TABLE `publicacao` DISABLE KEYS */;
INSERT INTO `publicacao` VALUES (1,'A','12Lorem Ipsum é simplesmente uma simulação de texto da indústria tipográfica e de impressos, e vem sendo utilizado desde o século XVI, quando um impressor desconhecido pegou uma bandeja de tipos e os embaralhou para fazer um livro de modelos de tipos.                    ','Titulo121','2012-05-08 08:00:00',1,4,'06444000','2498964245bfc0587079f9658192300.png'),(2,'A','Lorem Ipsum é simplesmente uma simulação de texto da indústria tipográfica e de impressos, e vem sendo utilizado desde o século XVI, quando um impressor desconhecido pegou uma bandeja de tipos e os embaralhou para fazer um livro de modelos de tipos.                    ','Titulo2','2012-05-08 08:00:00',1,1,'06515045','12801696775bc115b9d3f74491541908.png'),(3,'A','Lorem Ipsum é simplesmente uma simulação de texto da indústria tipográfica e de impressos, e vem sendo utilizado desde o século XVI, quando um impressor desconhecido pegou uma bandeja de tipos e os embaralhou para fazer um livro de modelos de tipos.                    ','Titulo3','2012-05-08 08:00:00',1,2,'06515045','16828108605bbf99487b551912909301.png'),(4,'A','Lorem Ipsum é simplesmente uma simulação de texto da indústria tipográfica e de impressos, e vem sendo utilizado desde o século XVI, quando um impressor desconhecido pegou uma bandeja de tipos e os embaralhou para fazer um livro de modelos de tipos.                    ','Titulo4','2012-05-08 08:00:00',2,2,'01313000','10848318275bd291c430b0f129148323.png'),(5,'A','Lorem Ipsum é simplesmente uma simulação de texto da indústria tipográfica e de impressos, e vem sendo utilizado desde o século XVI, quando um impressor desconhecido pegou uma bandeja de tipos e os embaralhou para fazer um livro de modelos de tipos.','Titulo5','2012-05-08 08:00:00',2,2,'01313000',NULL),(6,'A','Lorem Ipsum é simplesmente uma simulação de texto da indústria tipográfica e de impressos, e vem sendo utilizado desde o século XVI, quando um impressor desconhecido pegou uma bandeja de tipos e os embaralhou para fazer um livro de modelos de tipos.','Titulo6','2012-05-08 08:00:00',2,2,'01313000',NULL),(7,'A','Lorem Ipsum é simplesmente uma simulação de texto da indústria tipográfica e de impressos, e vem sendo utilizado desde o século XVI, quando um impressor desconhecido pegou uma bandeja de tipos e os embaralhou para fazer um livro de modelos de tipos.                    ','Titulo7 jaca','2012-05-08 08:00:00',2,1,'01407000',NULL),(8,'A','Lorem Ipsum é simplesmente uma simulação de texto da indústria tipográfica e de impressos, e vem sendo utilizado desde o século XVI, quando um impressor desconhecido pegou uma bandeja de tipos e os embaralhou para fazer um livro de modelos de tipos.                        ','Titulo8','2012-05-08 08:00:00',1,1,'01407000','9667667115b80605b7ef3a3.10106189.jpg'),(9,'A','Lorem Ipsum é simplesmente uma simulação de texto da indústria tipográfica e de impressos, e vem sendo utilizado desde o século XVI, quando um impressor desconhecido pegou uma bandeja de tipos e os embaralhou para fazer um livro de modelos de tipos.                    ','Titulo1','2018-07-21 21:49:09',1,4,'06515045','14341969335be313ff02015159469273.png'),(10,'A','Lorem Ipsum é simplesmente uma simulação de texto da indústria tipográfica e de impressos, e vem sendo utilizado desde o século XVI, quando um impressor desconhecido pegou uma bandeja de tipos e os embaralhou para fazer um livro de modelos de tipos.','Titulo1','2018-07-21 21:49:35',1,2,'06515045','0c03cd62c0aa101e231c97108e1575d3.png'),(11,'A','Lorem Ipsum é simplesmente uma simulação de texto da indústria tipográfica e de impressos, e vem sendo utilizado desde o século XVI, quando um impressor desconhecido pegou uma bandeja de tipos e os embaralhou para fazer um livro de modelos de tipos.','Titulo1','2018-07-21 22:01:21',1,1,'06515045','0447e46d3710ecf5af641b68994bd044.08.31.jpeg'),(12,'A','Dsadasdsa\r\ndss\r\nasd\r\n\r\nfdasdasd\r\ndsadasdasd\r\nasdasdasdasdasdasdasd                        ','Não fudeu muito','2018-07-21 22:02:46',1,1,'06515045','982aea1948ed1365a5adf252831ef14a.jpeg'),(13,'A','Lorem Ipsum é simplesmente uma simulação de texto da indústria tipográfica e de impressos, e vem sendo utilizado desde o século XVI, quando um impressor desconhecido pegou uma bandeja de tipos e os embaralhou para fazer um livro de modelos de tipos.                    ','Titulo143433','2018-07-21 22:05:13',2,1,'06515045','c91bdb565fd2c93aae027c537c51d605.jpeg'),(15,'A','Lorem Ipsum é simplesmente uma simulação de texto da indústria tipográfica e de impressos, e vem sendo utilizado desde o século XVI, quando um impressor desconhecido pegou uma bandeja de tipos e os embaralhou para fazer um livro de modelos de tipos.        13123                    ','Titulo1sad','2018-07-21 22:06:55',2,3,'06515045','11939321105ba54d46e4f864.47154607.jpg'),(16,'A','Lorem Ipsum é simplesmente uma simulação de texto da indústria tipográfica e de impressos, e vem sendo utilizado desde o século XVI, quando um impressor desconhecido pegou uma bandeja de tipos e os embaralhou para fazer um livro de modelos de tipos.                        ','Titulo1','2018-07-22 12:16:30',1,4,'24120196','6f3aafbcc90e1bbaef18dd131119e3b9.jpeg'),(17,'A','Lorem Ipsum é simplesmente uma simulação de texto da indústria tipográfica e de impressos, e vem sendo utilizado desde o século XVI, quando um impressor desconhecido pegou uma bandeja de tipos e os embaralhou para fazer um livro de modelos de tipos.                        ','Estudantes sendo escravizados','2018-07-24 14:41:14',1,4,'06515045','6373643755b565c1e7095d9.30678218.jpeg'),(20,'A','Lorem Ipsum é simplesmente uma simulação de texto da indústria tipográfica e de impressos, e vem sendo utilizado desde o século XVI, quando um impressor desconhecido pegou uma bandeja de tipos e os embaralhou para fazer um livro de modelos de tipos.','Falta de Merenda no colégio','2018-07-25 19:44:21',2,4,'06420150','8918513285b58fd453602a9.76229848.jpeg'),(21,'A','Dasçdlkjasd\r\nasd\r\na\r\nsd\r\nasd\r\nas\r\nd\r\nasd\r\na','Asjdhjkas','2018-07-27 16:05:28',1,3,'24120196','16030106325b5b6cf8a1be76.07112197.jpeg'),(23,'A','Dsadasdsa\r\ndss\r\nasd\r\n\r\nfdasdasd\r\ndsadasdasd\r\nasdasdasdasdasdasdasd                        ','Não fudeu muito','2018-07-27 16:36:01',1,5,'06420150','10191786065b805f70052f68.45772000.jpg'),(24,'A','Lorem Ipsum é simplesmente uma simulação de texto da indústria tipográfica e de impressos, e vem sendo utilizado desde o século XVI, quando um impressor desconhecido pegou uma bandeja de tipos e os embaralhou para fazer um livro de modelos de tipos.','Teste 24','2018-07-29 12:30:28',95,5,'06515045','8753355365b5ddd9454b221.82374961.jpeg'),(25,'A','Teste da integracao  sdsdsdsds                  s                    ','Jaqionhassadasd','2018-08-31 01:23:54',1,1,'06415080','248673305c3a6ececf069503527615.png'),(26,'A','Asdsadasdasdasdas d\r\nas d\r\nas das\r\nd dsadaçfksdç gdfjgdfj gfd gjdfj gdf hgkjdf hgsfiposdiufoia                    ','Teste3454','2018-09-01 00:09:41',1,4,'06515045','18922861965bb7bd9a78fa13.14459023.jpg'),(27,'A','Em linguística, a noção de texto é ampla e ainda aberta a uma definição mais precisa. Grosso modo, pode ser entendido como manifestação linguística das ideias de um autor, que serão interpretadas pelo leitor de acordo com seus conhecimentos linguísticos e culturais. Seu tamanho é variável.\r\n\r\n“Conjunto de palavras e frases articuladas, escritas sobre qualquer suporte”[1].\r\n\r\n“Obra escrita considerada na sua redação original e autêntica (por oposição a sumário, tradução, notas, comentários, etc.)”[2].\r\n\r\n&#34;Um texto é uma ocorrência linguística, escrita ou falada de qualquer extensão, dotada de unidade sociocomunicativa, semântica e formal. É uma unidade de linguagem em uso.&#34;[3]\r\n\r\nO interesse pelo texto como objeto de estudo gerou vários trabalhos importantes de teóricos da Linguística Textual, que percorreram fases diversas cujas características principais eram transpor os limites da frase descontextualizada da gramática tradicional e ainda incluir os relevantes papéis do autor e do leitor na construção de textos.\r\n\r\nUm texto pode ser escrito ou oral e, em sentido lato, pode ser também não verbal.\r\n\r\nTexto crítico é uma produção textual que parte de um processo reflexivo e analítico gerando um conteúdo com crítica construtiva e bem fundamentada.                    ','Exemplo da novas','2018-09-19 16:32:59',2,4,'06462040','10544854245ba2a46b0ddec3.07215319.jpg'),(28,'A','Sdfsdfsdfsdfsdfsdf','Dsadasd','2018-10-06 15:59:56',2,3,'06515045','2594803665bb9062cb00d47.79026198.png'),(29,'A','Gfdgdfgfdgdfgdfgfdgdfgdfg                    ','Dsadasd2343','2018-10-06 16:16:25',2,5,'06515045','17337645565bb90a093ae860.86607272.png'),(30,'A','Teste da integracao                    ','Jaqionhas','2018-10-07 12:06:35',1,2,'06515045',''),(31,'A','Teste da integracao                    ','Jaqionhas','2018-10-07 12:06:40',1,2,'06515045',''),(32,'A','Dasdasdasdasdasdasd','Dasdasd','2018-10-11 15:29:34',1,3,'06515045','6620286215bbf968e54bbe154864762.png'),(33,'A','Dasdasdasdasdasdasd','Dasdasd','2018-10-11 15:29:35',1,3,'06515045','9143188835bbf968f5dcb0890576718.png'),(34,'A','Dasdasdasdasdasdasd','Dasdasd','2018-10-11 15:30:48',1,3,'06515045','2786718685bbf96d8a9fbf271899844.png'),(35,'A','Dasdasdasdasdasdasd','Dasdasd','2018-10-11 15:32:18',1,3,'06515045','1197797545bbf973205694816127287.png'),(36,'A','Dasdasdasdasdasdasd','Dasdasd','2018-10-11 15:32:42',1,3,'06515045','6985424945bbf974a7ac5a879315920.png'),(37,'A','Dasdasdasdasdasdasd','Dasdasd','2018-10-11 15:32:48',1,3,'06515045','13040444795bbf975000df8671861272.png'),(38,'A','Dasdasdasdasdasdasd','Dasdasd','2018-10-11 15:33:00',1,3,'06515045','9426963355bbf975ce41ce926290076.png'),(39,'A','Dasdasdasdasdasdasd','Dasdasd','2018-10-11 15:33:35',1,3,'06515045','10899110265bbf977f4ff41323683525.png'),(40,'A','Dasdasdasdasdasdasd','Dasdasd','2018-10-11 15:36:06',1,3,'06515045','9078773365bbf981685199120301135.png'),(41,'A','Dasdasdasdasdasdasd','Dasdasd','2018-10-11 15:37:52',1,3,'06515045','20240969255bbf988083832536823759.png'),(42,'A','Gdfgdfgdfgdfgdfgdfgdfgdfgdffgfdg','Dasdasd','2018-10-13 16:49:32',2,3,'06515045','7512414715bc24c4c2259d327135080.png'),(43,'A','Dasdasdasdasdasdasdasdas                    ','Das','2018-11-07 14:36:22',1,3,'06515045','14641623295be31486f2191292504427.png'),(44,'A','Descrição çkdjalskçdjklasjdl sdlkjfhsdlkfjlksdjf sjfljsdlkjfjsdlkjfsdjfsdj jsdfj lksfjlsk jlkfsdjlkgfdj glkdjfg jdlkgjd lkgjdfj gldkfjg ldkfjgjsalfh sakjdfh jkshfkj shafkjh sdkjfh kjsfhkj dsahfkjhds kjfhdaskj fhksjdah kjashd jkdsajkfh                    ','Jaquinha','2018-12-01 14:28:08',201,2,'06444000','8463499395c02b9eca3618501461956.png'),(45,'A','Asdasdasdsasdads','Fsdfsd','2018-12-02 23:55:51',1,3,'06444000','11041107295c048d27e7fb2938630418.png'),(46,'A','Fsdfsdf','Ass','2019-01-10 16:27:02',204,3,'06444000','20709527345c378e766f424777157287.png'),(47,'A','Fsdfsdf','Asf','2019-01-10 16:27:40',204,4,'06444000','17195728615c378e9c72f0a086967581.png'),(48,'A','Rewrwerwerwerwrwe','Ewqeqwe','2019-04-04 22:06:25',219,3,'06444000','9094673945ca6aa11d2c95656828980.png');
/*!40000 ALTER TABLE `publicacao` ENABLE KEYS */;
UNLOCK TABLES;

--
-- Table structure for table `publicacao_curtida`
--

DROP TABLE IF EXISTS `publicacao_curtida`;
/*!40101 SET @saved_cs_client     = @@character_set_client */;
/*!40101 SET character_set_client = utf8 */;
CREATE TABLE `publicacao_curtida` (
  `cod_usu` int(11) NOT NULL,
  `cod_publi` int(11) NOT NULL,
  `status_publi_curti` char(1) NOT NULL DEFAULT 'A',
  `ind_visu_dono_publi` char(1) NOT NULL DEFAULT 'N',
  `dataHora_publi_curti` datetime NOT NULL,
  PRIMARY KEY (`cod_usu`,`cod_publi`),
  KEY `fk_Usuario_has_Publicacao_Publicacao2_idx` (`cod_publi`),
  KEY `fk_Usuario_has_Publicacao_Usuario2_idx` (`cod_usu`),
  CONSTRAINT `fk_Usuario_has_Publicacao_Publicacao2` FOREIGN KEY (`cod_publi`) REFERENCES `publicacao` (`cod_publi`) ON DELETE NO ACTION ON UPDATE NO ACTION,
  CONSTRAINT `fk_Usuario_has_Publicacao_Usuario2` FOREIGN KEY (`cod_usu`) REFERENCES `usuario` (`cod_usu`) ON DELETE NO ACTION ON UPDATE NO ACTION
) ENGINE=InnoDB DEFAULT CHARSET=latin1;
/*!40101 SET character_set_client = @saved_cs_client */;

--
-- Dumping data for table `publicacao_curtida`
--

LOCK TABLES `publicacao_curtida` WRITE;
/*!40000 ALTER TABLE `publicacao_curtida` DISABLE KEYS */;
INSERT INTO `publicacao_curtida` VALUES (1,1,'I','V','2018-08-10 16:11:27'),(1,2,'A','V','2018-08-08 15:47:05'),(1,3,'A','I','2018-11-05 16:13:11'),(1,4,'I','V','2018-08-08 15:47:05'),(1,7,'I','V','2018-08-08 15:47:05'),(1,8,'I','V','2018-08-10 16:11:28'),(1,9,'I','I','2018-11-07 14:34:15'),(1,10,'A','V','2018-08-10 16:11:24'),(1,11,'I','B','2018-08-10 16:11:23'),(1,12,'I','V','2018-08-10 16:11:22'),(1,13,'I','V','2018-08-10 16:11:21'),(1,15,'A','V','2018-08-11 18:34:42'),(1,16,'I','V','2018-08-08 15:47:05'),(1,17,'A','V','2018-10-23 17:10:58'),(1,20,'I','V','2018-08-10 16:11:16'),(1,21,'A','I','2018-10-05 15:00:20'),(1,23,'I','I','2018-10-18 16:07:14'),(1,24,'A','N','2018-09-17 15:39:39'),(1,25,'A','V','2018-11-27 19:10:46'),(1,26,'A','I','2018-10-27 18:29:53'),(1,27,'I','N','2018-10-30 02:07:18'),(1,29,'I','N','2018-10-23 17:08:46'),(1,42,'I','N','2018-10-24 15:07:26'),(1,43,'A','V','2018-11-07 14:37:16'),(1,44,'A','N','2018-12-04 17:00:32'),(2,4,'A','I','2018-10-26 02:02:18'),(2,5,'A','V','2018-08-08 15:47:05'),(2,6,'A','V','2018-08-08 15:47:05'),(2,7,'A','V','2018-08-08 15:47:05'),(2,8,'A','V','2018-08-11 18:14:58'),(2,12,'A','V','2018-08-12 16:15:12'),(2,13,'A','V','2018-08-08 15:47:05'),(2,15,'A','I','2018-09-24 15:05:52'),(2,16,'A','V','2018-08-11 18:14:17'),(2,17,'A','V','2018-08-08 15:47:05'),(2,20,'A','V','2018-10-24 15:07:44'),(2,21,'I','B','2018-08-08 15:47:05'),(2,23,'A','V','2018-08-12 16:14:46'),(2,24,'A','N','2018-09-19 16:14:26'),(2,25,'A','V','2018-10-13 16:26:02'),(2,26,'I','V','2018-09-19 16:35:06'),(2,27,'I','I','2018-10-28 18:29:20'),(2,28,'A','I','2018-10-28 17:52:16'),(2,42,'A','I','2018-10-24 15:07:17'),(2,43,'I','N','2018-11-08 17:58:22'),(3,1,'A','V','2018-08-08 15:47:05'),(3,2,'I','N','2018-09-22 01:33:25'),(3,3,'A','V','2018-08-08 15:47:05'),(3,4,'I','V','2018-08-08 15:48:38'),(3,5,'A','V','2018-08-08 15:48:38'),(3,6,'A','V','2018-08-08 15:48:38'),(3,7,'A','V','2018-08-08 15:48:38'),(3,8,'A','V','2018-08-08 15:48:38'),(3,10,'A','V','2018-08-12 16:15:56'),(3,11,'I','B','2018-08-22 14:46:29'),(3,24,'I','N','2018-08-08 15:48:38'),(3,42,'A','N','2018-11-26 12:46:26'),(4,1,'A','V','2018-08-08 15:47:05'),(4,2,'A','V','2018-08-08 15:47:05'),(4,3,'A','V','2018-08-08 15:47:05'),(4,4,'A','V','2018-08-08 15:47:05'),(4,5,'I','V','2018-08-08 15:47:05'),(4,6,'A','V','2018-08-08 15:47:05'),(4,7,'A','V','2018-08-08 15:47:05'),(4,8,'A','V','2018-08-08 15:47:05'),(4,17,'A','V','2018-11-15 15:46:03'),(4,43,'I','N','2018-11-15 15:25:55'),(5,1,'A','V','2018-08-08 15:47:05'),(5,2,'A','V','2018-08-08 15:47:05'),(5,3,'A','V','2018-08-08 15:47:05'),(5,4,'A','V','2018-08-08 15:47:05'),(5,5,'I','V','2018-08-08 15:47:05'),(5,6,'A','V','2018-08-08 15:47:05'),(5,7,'I','V','2018-08-08 15:47:05'),(5,8,'A','V','2018-08-08 15:47:05'),(6,1,'A','V','2018-11-26 12:29:49'),(6,2,'A','V','2018-08-08 15:47:05'),(6,3,'A','V','2018-08-08 15:47:05'),(6,4,'A','V','2018-08-08 15:48:38'),(6,5,'I','V','2018-08-08 15:48:38'),(6,6,'A','V','2018-08-08 15:48:38'),(6,8,'A','V','2018-08-08 15:48:38'),(6,10,'A','V','2018-10-30 02:42:00'),(6,13,'A','N','2018-11-24 01:08:27'),(6,20,'A','V','2018-10-22 18:50:03'),(6,23,'A','V','2018-08-08 15:48:38'),(6,26,'A','V','2018-10-26 20:44:20'),(6,28,'I','N','2018-10-28 17:50:09'),(95,24,'A','I','2018-08-08 15:48:38'),(121,26,'A','V','2018-09-19 16:45:28'),(201,44,'A','V','2018-12-01 14:43:05'),(204,25,'A','V','2019-01-13 18:07:49'),(204,27,'I','N','2019-01-12 20:37:43'),(204,42,'I','N','2019-01-12 20:18:56'),(204,44,'A','N','2019-01-12 20:13:13'),(205,44,'A','N','2019-01-12 19:51:38'),(220,48,'A','V','2019-04-04 22:08:44');
/*!40000 ALTER TABLE `publicacao_curtida` ENABLE KEYS */;
UNLOCK TABLES;

--
-- Table structure for table `publicacao_salva`
--

DROP TABLE IF EXISTS `publicacao_salva`;
/*!40101 SET @saved_cs_client     = @@character_set_client */;
/*!40101 SET character_set_client = utf8 */;
CREATE TABLE `publicacao_salva` (
  `cod_usu` int(11) NOT NULL,
  `cod_publi` int(11) NOT NULL,
  `status_publi_sal` char(1) NOT NULL DEFAULT 'A',
  `ind_visu_respos_prefei` char(1) DEFAULT NULL,
  PRIMARY KEY (`cod_usu`,`cod_publi`),
  KEY `fk_Usuario_has_Publicacao_Publicacao1_idx` (`cod_publi`),
  KEY `fk_Usuario_has_Publicacao_Usuario1_idx` (`cod_usu`),
  CONSTRAINT `fk_Usuario_has_Publicacao_Publicacao1` FOREIGN KEY (`cod_publi`) REFERENCES `publicacao` (`cod_publi`) ON DELETE NO ACTION ON UPDATE NO ACTION,
  CONSTRAINT `fk_Usuario_has_Publicacao_Usuario1` FOREIGN KEY (`cod_usu`) REFERENCES `usuario` (`cod_usu`) ON DELETE NO ACTION ON UPDATE NO ACTION
) ENGINE=InnoDB DEFAULT CHARSET=latin1;
/*!40101 SET character_set_client = @saved_cs_client */;

--
-- Dumping data for table `publicacao_salva`
--

LOCK TABLES `publicacao_salva` WRITE;
/*!40000 ALTER TABLE `publicacao_salva` DISABLE KEYS */;
INSERT INTO `publicacao_salva` VALUES (1,2,'A','I'),(1,3,'A','I'),(1,4,'A','V'),(1,5,'I','V'),(1,6,'I','V'),(1,7,'I','V'),(1,9,'A','I'),(1,13,'A','V'),(1,15,'A','V'),(1,16,'I','V'),(1,17,'A','V'),(1,20,'I','V'),(1,23,'A','V'),(1,24,'A','V'),(1,25,'I','I'),(1,26,'I','I'),(1,27,'A','V'),(1,28,'I','N'),(1,29,'I','V'),(1,42,'A','V'),(1,44,'A','V'),(2,1,'A','B'),(2,2,'A','B'),(2,3,'A','B'),(2,8,'I','V'),(2,13,'I','I'),(2,15,'I','I'),(2,17,'I','V'),(2,20,'A','V'),(2,23,'I','V'),(2,24,'I','V'),(3,1,'A','B'),(3,2,'A','B'),(3,3,'A','B'),(3,4,'A','B'),(3,5,'A','B'),(3,6,'A','B'),(3,7,'A','B'),(3,8,'A','B'),(3,27,'A','I'),(4,1,'I','B'),(4,2,'I','B'),(4,3,'I','B'),(4,4,'I','B'),(4,5,'I','B'),(4,6,'I','N'),(4,7,'I','B'),(4,8,'I','B'),(4,13,'I','I'),(4,17,'A','I'),(4,23,'I','I'),(4,24,'A','V'),(4,26,'A','I'),(4,27,'A','I'),(5,1,'A','B'),(5,2,'A','B'),(5,3,'A','B'),(5,4,'A','B'),(5,5,'A','B'),(5,6,'A','B'),(5,7,'A','B'),(5,8,'A','B'),(6,1,'A','B'),(6,2,'A','B'),(6,3,'A','B'),(6,4,'A','B'),(6,5,'A','B'),(6,6,'A','B'),(6,7,'A','B'),(6,8,'A','B'),(6,27,'A','N'),(6,41,'A','N'),(115,6,'A','V'),(115,13,'A','N'),(115,15,'I','V'),(115,20,'I','V'),(115,23,'I','N'),(115,24,'A','V'),(201,42,'A','V'),(203,45,'A','N'),(204,3,'I','V'),(204,11,'I','V'),(204,16,'I','N'),(204,17,'I','N'),(204,25,'I','V'),(204,27,'I','N'),(204,42,'A','V'),(204,44,'I','N'),(204,45,'A','N'),(204,46,'I','I'),(204,47,'I','I'),(219,47,'I','N');
/*!40000 ALTER TABLE `publicacao_salva` ENABLE KEYS */;
UNLOCK TABLES;

--
-- Table structure for table `recuperar_senha`
--

DROP TABLE IF EXISTS `recuperar_senha`;
/*!40101 SET @saved_cs_client     = @@character_set_client */;
/*!40101 SET character_set_client = utf8 */;
CREATE TABLE `recuperar_senha` (
  `cod_recupe_senha` int(11) NOT NULL AUTO_INCREMENT,
  `status_recuperar_senha` char(1) NOT NULL,
  `data_hora_solicitacao` datetime NOT NULL,
  `cod_usu` int(11) DEFAULT NULL,
  PRIMARY KEY (`cod_recupe_senha`),
  KEY `cod_usu` (`cod_usu`),
  CONSTRAINT `recuperar_senha_ibfk_1` FOREIGN KEY (`cod_usu`) REFERENCES `usuario` (`cod_usu`)
) ENGINE=InnoDB AUTO_INCREMENT=97 DEFAULT CHARSET=latin1;
/*!40101 SET character_set_client = @saved_cs_client */;

--
-- Dumping data for table `recuperar_senha`
--

LOCK TABLES `recuperar_senha` WRITE;
/*!40000 ALTER TABLE `recuperar_senha` DISABLE KEYS */;
INSERT INTO `recuperar_senha` VALUES (31,'I','2019-02-10 20:46:06',1),(33,'I','2019-02-10 21:00:03',1),(34,'I','2019-02-10 21:03:07',1),(42,'I','2019-02-10 21:09:02',1),(43,'I','2019-02-13 01:25:04',1),(44,'I','2019-02-13 01:25:48',1),(45,'I','2019-02-13 01:26:37',1),(46,'I','2019-02-13 01:31:25',1),(47,'I','2019-02-13 01:36:19',1),(48,'I','2019-02-13 01:42:56',1),(51,'I','2019-02-13 01:48:59',1),(53,'I','2019-02-13 01:52:15',1),(55,'A','2019-02-13 01:58:49',202),(56,'I','2019-02-13 01:59:54',2),(57,'A','2019-02-15 00:38:50',180),(58,'A','2019-02-15 00:41:08',122),(63,'A','2019-02-15 01:04:30',1),(75,'A','2019-02-15 01:49:15',217),(76,'A','2019-02-16 00:10:17',1),(84,'A','2019-02-16 02:07:32',1),(87,'I','2019-02-16 02:42:19',218),(88,'I','2019-02-16 02:46:18',218),(89,'I','2019-02-16 02:47:08',218),(90,'A','2019-02-16 02:48:22',1),(91,'I','2019-02-16 02:54:09',218),(92,'I','2019-02-16 02:55:38',218),(94,'I','2019-02-16 03:00:16',218),(95,'A','2019-02-16 23:57:01',217),(96,'A','2019-02-17 00:39:28',217);
/*!40000 ALTER TABLE `recuperar_senha` ENABLE KEYS */;
UNLOCK TABLES;

--
-- Table structure for table `tipo_usuario`
--

DROP TABLE IF EXISTS `tipo_usuario`;
/*!40101 SET @saved_cs_client     = @@character_set_client */;
/*!40101 SET character_set_client = utf8 */;
CREATE TABLE `tipo_usuario` (
  `cod_tipo_usu` int(11) NOT NULL AUTO_INCREMENT,
  `descri_tipo_usu` varchar(45) NOT NULL,
  `status_tipo_usu` char(1) NOT NULL DEFAULT 'A',
  PRIMARY KEY (`cod_tipo_usu`)
) ENGINE=InnoDB AUTO_INCREMENT=7 DEFAULT CHARSET=latin1;
/*!40101 SET character_set_client = @saved_cs_client */;

--
-- Dumping data for table `tipo_usuario`
--

LOCK TABLES `tipo_usuario` WRITE;
/*!40000 ALTER TABLE `tipo_usuario` DISABLE KEYS */;
INSERT INTO `tipo_usuario` VALUES (1,'Adm','A'),(2,'Moderador','A'),(3,'Prefeitura','A'),(4,'Funcionario','A'),(5,'Comum','A'),(6,'Sistema','A');
/*!40000 ALTER TABLE `tipo_usuario` ENABLE KEYS */;
UNLOCK TABLES;

--
-- Table structure for table `usuario`
--

DROP TABLE IF EXISTS `usuario`;
/*!40101 SET @saved_cs_client     = @@character_set_client */;
/*!40101 SET character_set_client = utf8 */;
CREATE TABLE `usuario` (
  `cod_usu` int(11) NOT NULL AUTO_INCREMENT,
  `nome_usu` varchar(60) NOT NULL,
  `email_usu` varchar(60) NOT NULL,
  `senha_usu` varchar(60) NOT NULL,
  `img_capa_usu` varchar(100) NOT NULL,
  `img_perfil_usu` varchar(100) NOT NULL,
  `status_usu` char(1) NOT NULL DEFAULT 'A',
  `cod_tipo_usu` int(11) NOT NULL,
  `dataHora_cadastro_usu` datetime DEFAULT NULL,
  PRIMARY KEY (`cod_usu`),
  KEY `fk_Usuario_Tipo_usuario_idx` (`cod_tipo_usu`),
  CONSTRAINT `fk_Usuario_Tipo_usuario` FOREIGN KEY (`cod_tipo_usu`) REFERENCES `tipo_usuario` (`cod_tipo_usu`) ON DELETE NO ACTION ON UPDATE NO ACTION
) ENGINE=InnoDB AUTO_INCREMENT=223 DEFAULT CHARSET=latin1;
/*!40101 SET character_set_client = @saved_cs_client */;

--
-- Dumping data for table `usuario`
--

LOCK TABLES `usuario` WRITE;
/*!40000 ALTER TABLE `usuario` DISABLE KEYS */;
INSERT INTO `usuario` VALUES (1,'Aldo Silva','aldochurros@churros.com','$2y$12$5PzS2QZnUFNotNOVBueHPugA8fWuiY9l6N09e8PwOT4/FuTbX4CfK','18063484015bd21f049ef98791623263.png','2324855635bd3dd011ad68458254702.png','A',5,'2018-07-18 16:28:41'),(2,'Maria Gabi','mariahomem@homem.com','$2y$12$nwjaHtfc5khtnzEVPJkYkumzSqhnQBY6LPkk6JFlobpv.k5SudHwu','4656790605b8a071317a5c1.10312917.png','17875824415b883492e7b742.50422176.png','A',5,'2018-07-18 16:30:40'),(3,'Vinicius caras','viniciuscara@cara.com','$2y$12$60a0/T3w4fpZVSMFWgx2/e583zdboriZIqIK1bhdbBTZlOlWUrQUS','106239065bd2940c09af8003843481.png','20843855345bf1d61f40c84568722965.png','I',4,'2018-07-18 16:28:41'),(4,'Prefeitura de Barueri','prefeitura@barueri.com','$2y$12$l1DTgYlCfA2bsvjzDJ72D.12ntHu0JHK1empW2MPeRO.MHaogPoHm','20078967885b899c303a9854.66875090.jpg','20843855345bf1d61f40c84568722965.png','A',3,'2018-07-18 16:30:40'),(5,'Daniel Lindo','daniellindo@lindo.com','$12$WhGWpiqmKynHld2C/TiGxuyQVoxJsHf5TwHLf3zN0CSJZaTpcCK2C','16699720495b8d7e81df74c0.09893809.png','imgperfilpadrao.jpg','A',2,'2018-07-19 19:11:51'),(6,'Admin','admin@admin.com','$2y$12$EFnQf6UCgAaQZK2PjesYHOqxqyHIDNrSDhLRMNQm/i3VYL4WKu6KW','239617315bfc0230cfc55522684045.png','300922165bfc0246522dd355219123.png','A',1,'2018-07-19 19:11:51'),(95,'Dada','dada@dada.com','$2y$12$q.BZJz7QSigB1jVyYmjAf.Xc8vVLF23kBw5ZMCGh9.A0LPCTukDyG','3640995895b86f94b8c4078.97847012.jpg','imgperfilpadrao.jpg','A',5,'2018-07-18 16:28:41'),(96,'jaquinha','jaca@jaca.com','$12$GVUl9K81ITKRzakBbaNxQeTeAEg1qW8cZznRBoLCyORwv7gLKYKtO','3640995895b86f94b8c4078.97847012.jpg','imgperfilpadrao.jpg','A',5,'2018-07-18 16:30:40'),(97,'Faustao','faus@faus.com','$2y$12$Y1a1C.4UoG89kxV9QjaWHeRjvIwD6I8ROd7E/yy3D/3TWUCIMAeR6','3640995895b86f94b8c4078.97847012.jpg','imgperfilpadrao.jpg','A',5,'2018-07-19 19:11:51'),(105,'Aldo Churros12','13@dasdasdasd.com','$2y$12$TlyIlUyttpMK9Pshv1Ftu..pM3.BKN96JRE8IFe1mPTBujXY4aHYS','3640995895b86f94b8c4078.97847012.jpg','imgperfilpadrao.jpg','A',5,'2018-08-22 16:56:59'),(106,'Dasd12','gfsdfsdf@fasjfksdj.com','$2y$12$2Ycir8K6iZ9FOJ.t9IuQJOmmxI9eCypCCsCmmeIPAKYqeSy6FXaZS','3640995895b86f94b8c4078.97847012.jpg','imgperfilpadrao.jpg','A',1,'2018-08-22 16:57:17'),(107,'Aldo  Churros312312312','dasdasdasd@dfjaliokdjc.com','$2y$12$5ZNpz2Bk4vLQdxnUYbqB9OiqriEwP0HuC37u6TKAqxAHVfA/fv95i','3640995895b86f94b8c4078.97847012.jpg','imgperfilpadrao.jpg','A',2,'2018-08-22 16:57:58'),(108,'Dsadasda354','dadasdas@dasjdlkia.com','$2y$12$hcjcgMyag0ZEUPGRy4R.surPKbJDiXSw94OCLFxNCf6unFkHa9YVq','3640995895b86f94b8c4078.97847012.jpg','imgperfilpadrao.jpg','A',5,'2018-08-22 16:58:11'),(109,'1eqwewq','dasd@dasdas.com','$2y$12$4d7erfB2.wdm/LW8YS5JAuSsJ9NrhRO6hgXcKnSRYolnH5H.P6aMm','13892840765b86ffaf349353.71118204.jpg','20843855345bf1d61f40c84568722965.png','I',4,'2018-08-23 15:16:39'),(110,'Func12','func12@12.com','$2y$12$./.0SFNizfsobXbwrwwux.q.8D78BLCM/v2wTaEPzBC1IlcP.2AaS','13892840765b86ffaf349353.71118204.jpg','20843855345bf1d61f40c84568722965.png','I',4,'2018-08-23 15:21:24'),(111,'Jacavisque','jacas@jaca.com','$2y$12$acAcRsHp6cV46JN8kXuoZe9tWd7LUG0M0sQhZDRFfc4FE8dNtp7RS','13892840765b86ffaf349353.71118204.jpg','20843855345bf1d61f40c84568722965.png','I',4,'2018-08-23 15:26:03'),(112,'Jaca','uiouroi@dasdas.com','$2y$12$1OuNF/yfXP85Jm1wofGABuTLLZ7hKwDmzaRVqOmcOh.BYFOX2qivO','3640995895b86f94b8c4078.97847012.jpg','imgperfilpadrao.jpg','A',5,'2018-08-23 15:28:33'),(113,'MEU NOVO FUN','dasd@dadasdas.com','$2y$12$XuR7Cb7IoKyERz66WEWyIun71IW4kSEp5RWmwTpoiLZ/wYBBZkO0y','13892840765b86ffaf349353.71118204.jpg','20843855345bf1d61f40c84568722965.png','I',4,'2018-08-23 15:58:09'),(114,'Funk','fuh@hf.com','$2y$12$JqPJj.FoB/3kz2AK8.cDUeGCJ7kiX.hJpCiPT94zeW1VGyt1scv3K','13892840765b86ffaf349353.71118204.jpg','20843855345bf1d61f40c84568722965.png','I',4,'2018-08-24 01:11:08'),(115,'Dsadas','68745@djalks.com','$2y$12$h30x22SsIbLxKkaLj28xieIGldi24NHNWnQqo9AOAHDJerxrzgwPO','3640995895b86f94b8c4078.97847012.jpg','imgperfilpadrao.jpg','A',5,'2018-08-25 14:24:27'),(116,'Jaca','12343@242.com','$2y$12$ICaCc/S123qcHsiOBGjsouAiYI.UUuxhjXOokT.jcJfV6WKgXS92u','concursobarueri4.jpg','20843855345bf1d61f40c84568722965.png','I',4,'2018-09-01 00:37:16'),(117,'Uyteiory@fjalksfjhdsl.com','dasdasd@xn--dfaskdj-wxa.com','$2y$12$28W6VTcXNQwETYxI2uvHSOsE/.EJi2i7sbKOtl23.vyQ9nM/h.2PS','imgcapapadrao.png','imgperfilpadrao.jpg','A',2,'2018-09-01 00:42:05'),(118,'5353','34535@fsfsd.com','$2y$12$Ofh6Wi1jYkL3.BE4xkYI.ekiSn5EeneOUk.XpGnWIOWybgKz7O4C2','imgcapapadrao.png','imgperfilpadrao.jpg','A',5,'2018-09-01 00:43:05'),(119,'Dasdasd@dçakd.com','313123dsads@kdjaks.com','$2y$12$pQxPOP6LKNRqV0ID8eN9z.uJOwKFcR2v8vJQ9NRbikXsOTZw4L74y','imgcapapadrao.png','imgperfilpadrao.jpg','A',2,'2018-09-01 00:44:21'),(120,'Julios','ju@ikdj.com','$2y$12$BIJUO/mhtCXC0XOnUnO/0eRdhGmaUv.uLpizc7wAvCbu1Xu/NJzty','imgcapapadrao.png','imgperfilpadrao.jpg','A',5,'2018-09-03 15:42:30'),(121,'Dasdas','dsad@LDKAJSD.com','$2y$12$1snDcfWHql94/BHYqfIBeeb6jMa7Y8zoO.LM4mdio5BpcGV.gSs9m','imgcapapadrao.png','imgperfilpadrao.jpg','A',5,'2018-09-19 16:45:18'),(122,'Dasda','dsa@dasdsa.com','$2y$12$CRAn190YihqoA.Q/kUJAV.EVNomJ24LliX6WsuW9c.qMnDBl5CAtq','imgcapapadrao.png','imgperfilpadrao.jpg','A',5,'2018-09-20 00:47:38'),(123,'Dhajskh&#39;','dfakjslk!@dkjaskl.com','$2y$12$scOiyhpzFP5.sUHmZ84EL.deY.Uyp8OmGpDJdbzjdZv.MvkJT1.pe','imgcapapadrao.png','imgperfilpadrao.jpg','A',5,'2018-09-20 00:54:28'),(124,'Dasd','das@xn--dka-2la.com','$2y$12$lMQgKNcOHJoJ0IpZ0tq3OewEyB1fqWS4V431P2yq0cG/iEhXvORcC','imgcapapadrao.png','imgperfilpadrao.jpg','A',5,'2018-09-20 00:55:17'),(125,'Qwer','yiruewi@ioduiaos.com','$2y$12$9P/rdUY72XmzbxLKr1WhE.KA..4K9Hunq54Lt3xFubeVXTxWfSCwW','imgcapapadrao.png','imgperfilpadrao.jpg','A',5,'2018-09-20 00:56:52'),(126,'Sistema','sistema@sistemaA.com','$12$GVUl9K81ITKRzakBbaNxQeTeAEg1qW8cZznRBoLCyORwv7gLKYKtO','imgcapapadrao.png','imgperfilpadrao.jpg','A',6,'2018-09-20 00:56:52'),(127,'Kj','das@dcasklj.com','$2y$12$5Y5NsffgH9SrFOIcP5rUzeTv6ArqznoKfRexlifskMVedaQxVxtRK','imgcapapadrao.png','imgperfilpadrao.jpg','A',5,'2018-10-06 14:30:33'),(128,'53453','fdsdf@dkas.com','$2y$12$JCNIo8HbJJply3e0IVCdn.VojNQvg0JiNX.4LEtwlciRYdovzdBcG','imgcapapadrao.png','imgperfilpadrao.jpg','A',5,'2018-10-06 14:32:36'),(129,'Teste','dsad@dasdas.com','$2y$12$dzHWt8COfVfOiUktNLZocuL/GtvEDWmKFKD91SvFV06niodyp/nq2','imgcapapadrao.png','imgperfilpadrao.jpg','A',2,'2018-10-06 18:57:43'),(130,'Das','ds@ds.com','$2y$12$66K0lhAvj4sn6jNJlPgT6e5KnMs0BS3BHgxV1Qml6Fa/fJ0/7NhYG','imgcapapadrao.png','imgperfilpadrao.jpg','A',5,'2018-10-07 17:41:35'),(131,'Dasdasd','131231@pdoauj.com','$2y$12$WFkvPiIeFfAx5quiJYgAzOWRmL9LzGt3rEj3OqglfJRXI0b9v.TJq','imgcapapadrao.png','imgperfilpadrao.jpg','A',5,'2018-10-13 16:53:28'),(132,'Dasdsa','woitjoi@dlkaslk.com','$2y$12$jaQDvUzcz1J11aQzcet7T.3fXYWRU69bEKBKqlQtpsB4qvwFBgmQq','imgcapapadrao.png','imgperfilpadrao.jpg','A',5,'2018-10-14 14:02:34'),(177,'Teste1','dasds@dasd.com','$2y$12$60/jBJkOzZY8TVc8VQJqQOJSKiIVDxUo4jHdpOFZS/ar5k8dtHS02','imgcapapadrao.png','imgperfilpadrao.jpg','A',2,'2018-10-26 20:35:50'),(178,'Teste2','asd@das.com','$2y$12$KoOwvCOWf5A94gsPk4MvpuBALG2BdOjF9Ucza96pBSuECfknWqoM6','imgcapapadrao.png','imgperfilpadrao.jpg','A',2,'2018-10-26 20:36:20'),(179,'Dsadsada','aldochurros@jaca.com','$2y$12$dw6PaVT1imgtOTyEyezY/OGsoWN2lsREuMpmeDx3x2D8XIyFLAEZC','imgcapapadrao.png','imgperfilpadrao.jpg','A',5,'2018-10-30 00:53:13'),(180,'Dsa','dsad@dasd.com','$2y$12$A95Nb0Uw9NyTYqd3f3VCnOy6.LVi9h5xTi.b1Vu03KpHMO6EG3LKm','concursobarueri4.jpg','20843855345bf1d61f40c84568722965.png','I',4,'2018-10-30 02:38:53'),(181,'Gfdg','gdfg@fdfsf.com','$2y$12$LeJFmAELc6rzvYRrCH5qWOtFVldGUzbh4.ePgoJwHkl3D12SbB1mW','imgcapapadrao.png','imgperfilpadrao.jpg','A',2,'2018-10-30 02:40:05'),(182,'DSA','daniel@dasd.com','$2y$12$HUw/LWm/Ns44/eOsZdogc.uff.Ng5qkAOr.qKAD5/Un1SiBWlPNoC','concursobarueri4.jpg','20843855345bf1d61f40c84568722965.png','I',4,'2018-10-30 21:21:56'),(183,'12312dsad','trs@fds.com','$2y$12$wUwCAQxKf9BYvHtckOK3muKJrBaNE8WjRh7wtDpnHoh5dR7AHW.ny','imgcapapadrao.png','imgperfilpadrao.jpg','A',2,'2018-10-30 21:26:48'),(184,'Dasda','123aldochurros@churros.com','$2y$12$B6/xPzTjSPce13YEjOhtAesAjutCk1Hi5SDVxKwLnQfg36nuC7Q4u','imgcapapadrao.png','imgperfilpadrao.jpg','A',5,'2018-10-30 22:46:32'),(185,'Fsdf','gfd@dfasdads.com','$2y$12$KmcmfXO1m8p3SRdPB2h1JOM.MOMT7.76HzyDS6PzOItlOU5hp9VQy','imgcapapadrao.png','imgperfilpadrao.jpg','A',5,'2018-11-15 18:40:59'),(186,'Fdsf','adsdas@dfasd.com','$2y$12$sCnXqXYtMuTykXKcQt3Z8u5.9mdEdJyS8MxOYvfU8aKbdXlUuXpHK','imgcapapadrao.png','perfil_usu_padrao.png','A',5,'2018-11-15 18:43:19'),(188,'Teste25','dasssssssssssssssssssssssssss@fasfdsfsdfsdf.com','$2y$12$5v4zX6HFCmoI4W6lMctBQeOeeY6OG.oCRq83qJqDwKHXnT/mtBWSO','concursobarueri4.jpg','20843855345bf1d61f40c84568722965.png','I',4,'2018-11-15 21:47:27'),(189,'Adsda','ffadsfsdfsdfsdfsdfsdjkfskdfkdskfskdfksk|@fgksdlfksfklsdkfl.c','$2y$12$mWnHSSPmvrJsWgFX5.z9r.Auwc/6ovRe7QTTUagKWu/IGdIpSjaYm','concursobarueri4.jpg','20843855345bf1d61f40c84568722965.png','I',4,'2018-11-15 21:48:14'),(190,'Gdfgdf','duyasfgdhgasfdghyfadhgfsdhgdfhgsfdhgfdhgafsdhgafdhgasfhdgfas','$2y$12$sARXaJySgu7h9avhENwqLOZYH9oc1x7GgvsR9D/rBTrqWeTD245k6','concursobarueri4.jpg','20843855345bf1d61f40c84568722965.png','I',4,'2018-11-15 21:48:25'),(191,'Adas','gdsfsdhjkfgsdahfhgdsfgdsjhfghdsjgfhjdsgfjhghdjsfgshdjfghjsfg','$2y$12$1eolce2OGvDFLI8JxrYBEOPS.PL9BvNzXzmW9/TxN2um52IzXGqo2','concursobarueri4.jpg','20843855345bf1d61f40c84568722965.png','I',4,'2018-11-15 21:48:37'),(192,'TEsre24','dasdsa@dasdasd.com','$2y$12$V5rhmHs7sMuF72ljGXyAvO7ijOjPnNmm4yCunfmnOiRRO3cYDrE.O','BANNER.png','perfil_usu_padrao.png','A',5,'2018-11-16 11:03:56'),(193,'Jkg','khjkh@dasd.com','$2y$12$Fb1fo8J7VL6cVjp340MnQ.A7zVWx5AYv68ryhFfvSj/sy4mTs8.pG','imgcapapadrao.png','perfil_usu_padrao.png','A',5,'2018-11-18 16:15:30'),(194,'Dasd','gdfgfd@dsadas.com','$2y$12$N2q6l12Bs6DHb3nQHeEeyeI7nY2..m0.o3ycF5AIHHpmBzVQDHRyO','concursobarueri4.jpg','concursobarueri4.jpg','I',4,'2018-11-18 19:29:51'),(195,'Dasd','gdfgfd@dsadsas.com','$2y$12$wtSRSOR9tpypbqWYiKT.uOJoUQsCorLWSDUIk/2G1nVNe7v3lWPVm','concursobarueri4.jpg','concursobarueri4.jpg','I',4,'2018-11-18 19:31:01'),(196,'Dasd','gdfgfsd@dsadsas.com','$2y$12$TypiMLxn7FR5DypJAFGrjepHjzNGhwTMbVH5tETfLlbww2Hl1Rbv2','20843855345bf1d61f40c84568722965.png','20078967885b899c303a9854.66875090.jpg','I',4,'2018-11-18 19:31:51'),(197,'Yu','uy@uy.com','$2y$12$z2CTyigzf9rg06eY7whkIenpttUCcISvq19/A8CFoQhWuqkZ2CBRK','20843855345bf1d61f40c84568722965.png','20078967885b899c303a9854.66875090.jpg','I',4,'2018-11-18 19:32:01'),(198,'Ty','ty@ty.com','$2y$12$JMA50yydOXPuYKwEfu0X8.jiCaUf9DvhHLjpDigC2SGYysTZ0KZGy','20078967885b899c303a9854.66875090.jpg','20843855345bf1d61f40c84568722965.png','I',4,'2018-11-18 19:33:35'),(199,'Fd','fd@s.com','$2y$12$zCebqWx7HHyinaEyLa1HfuhQw29WoDukza/g8ysv09ECq6rAbflRS','imgcapapadrao.png','perfil_usu_padrao.png','A',5,'2018-11-19 16:31:50'),(200,'Yt','asds@qw.com','$2y$12$WSISku07lCuFqGI3go0.teizE5NseRTh6y5y.Ajhz.QW5h4tB045e','imgcapapadrao.png','perfil_usu_padrao.png','A',5,'2018-11-26 12:53:26'),(201,'Fgsd','fg@fg.com','$2y$12$wB/0N0/9sdxfd16HXLGMtuuKsN6.oQTeIPRyPPMTSze9MJ/b/N/lO','20409340845c02bebd0d771529335245.png','8034100045c02becde25e2621479967.png','A',5,'2018-12-01 14:25:29'),(202,'','','$2y$12$eOnb6smd2.L9MOKp8vTT2O1MXXtmW0.XLvCKgnCXyn98diKBoHsAa','imgcapapadrao.png','perfil_usu_padrao.png','I',5,'2019-01-08 02:54:26'),(203,'Sss','s@s.com','$2y$12$EF/8S3MJZphevqmLJpkUFO2d7gH31G0ThagXGHakeyegJQ5BtzwGq','imgcapapadrao.png','perfil_usu_padrao.png','A',5,'2019-01-09 01:52:28'),(204,'A','s@sa.com','$2y$12$WhGWpiqmKynHld2C/TiGxuyQVoxJsHf5TwHLf3zN0CSJZaTpcCK2C','4956807435c3a233e20a3b462415969.png','9945467855c3a23ab66349352658279.png','A',5,'2019-01-09 14:57:24'),(205,'Lo','lo@lo.com','$2y$12$XOizwNBS3Sqc0WxWMF6xr.JL/u9h5/cQrJqCtur6jitZXRZrd1jLi','imgcapapadrao.png','perfil_usu_padrao.png','A',2,'2019-01-12 15:39:30'),(206,'Hg','gh@hg.com','$2y$12$VU5BJriMumOgZ4gogZriw.gFoag2RKn1wfz.cPuZnAqXLyRZ892YW','imgcapapadrao.png','perfil_usu_padrao.png','A',5,'2019-01-12 15:51:39'),(207,'12','as@s.com','$2y$12$bHcFsSNHfoHwo5qTVqPy6OsFMjMHR3E.oFbbPuQJzBdhzf5duix7y','20078967885b899c303a9854.66875090.jpg','20843855345bf1d61f40c84568722965.png','I',4,'2019-01-13 17:30:00'),(208,'12','we@as.com','$2y$12$gt2ukvFxh3j.0wUHm8/hgel6opYIqwtUvckOoRqaSwmFKsxHYnppy','20078967885b899c303a9854.66875090.jpg','20843855345bf1d61f40c84568722965.png','I',4,'2019-01-13 17:30:16'),(209,'S','saf@a.com','$2y$12$zcdBR8/v5xstf/pTYy1TBuc0PKwpli6jQN9kSO0MtCGBsTFt4a.iu','imgcapapadrao.png','perfil_usu_padrao.png','A',2,'2019-01-13 17:41:31'),(210,'S','d@d.com','$2y$12$pUlGYDmiP/b9AtBbG6hh4.fConDgGZlPZgsqbhMLEUzbHLKUfz7Qi','imgcapapadrao.png','perfil_usu_padrao.png','A',2,'2019-01-13 17:41:48'),(211,'D','df@f.com','$2y$12$D0kB5I5W0KNv.Ul0eT8OrOGGJh0z8LhG85RcDq.yo.ZgnJ6IbjCNS','imgcapapadrao.png','perfil_usu_padrao.png','A',2,'2019-01-13 17:42:01'),(212,'A','sdasdas@dasdas.com','$2y$12$/1OJ4vQEYU62pEZ8Ht5/lOhD7EO5hlJGvgtV5PPwEVTNZjyG2m7Fm','20078967885b899c303a9854.66875090.jpg','20843855345bf1d61f40c84568722965.png','I',4,'2019-02-10 14:03:32'),(213,'12','gkfgkd@lkasdk.com','$2y$12$9LcalU4OtyrSdFDQDTDSHOiEu3ln7JrDuqXW/rWgwE58qJOgaeUy.','20078967885b899c303a9854.66875090.jpg','20843855345bf1d61f40c84568722965.png','I',4,'2019-02-10 14:05:41'),(214,'Dsd','sadasdas@DASDASD.COM','$2y$12$87NEjC.xexvyju5wMh97w.IMGVBFADb9Bx.ZgTjAC7ZAybyC.xzNe','20078967885b899c303a9854.66875090.jpg','20843855345bf1d61f40c84568722965.png','I',4,'2019-02-10 14:22:27'),(215,'Blitz','blitzkrieg.zapzap@gmail.com','$2y$12$oVJrZZUS1vGWj.zMnA5q3eFMYTyix3KMWGnU1kw/Cnmu3gpcpd9k2','imgcapapadrao.png','perfil_usu_padrao.png','A',5,'2019-02-10 17:15:51'),(216,'Dg','gdfgfg@fafsd.com','$2y$12$67eHwNAmtwzzQQwvR.F1oONniP3Ez4Wv1ZZQ7RrkYJMOOS4w4xVOa','imgcapapadrao.png','perfil_usu_padrao.png','A',5,'2019-02-15 00:55:21'),(217,'Dasd','danielcost0705@outlook.com','$2y$12$0nlJ07wevMg5MmthoNeJBe4QYxfR3MV/R18emKzVEZzX6jXJzSNnu','imgcapapadrao.png','perfil_usu_padrao.png','A',5,'2019-02-15 01:24:27'),(218,'Daniel','danielcost9009@gmail.com','$2y$12$FymzeAxjjTz7.MyB.pmuF.qbF2N8Y.21/iBH3TfFqEzQuSUG.oESW','imgcapapadrao.png','perfil_usu_padrao.png','A',5,'2019-02-16 02:08:33'),(219,'Fsnirq','oi@oi.com','$2y$12$5CdwwSAqLdb8rD4hv6x.Fe7LGemlXG2TTa/K4caKRcWEkhn9pO1Ly','imgcapapadrao.png','18655447075ca6a963e1a84100217787.png','A',5,'2019-04-04 22:02:05'),(220,'Jkhjk','jhjkhkjh@JKhjkhjk.com','$2y$12$IbTCf/7MrUzDVVYSncisN.JVSJMtctyq/f9MlNJA1KKf3FKHY0gpq','imgcapapadrao.png','perfil_usu_padrao.png','A',5,'2019-04-04 22:07:04'),(221,'Das','dsa@dsad.com','$2y$12$8NyWdneMPMtZ721sTjgMC.Gx7K1Iw6QQLsX6B0CyaCCfzN2YSCGIm','imgcapapadrao.png','perfil_usu_padrao.png','A',5,'2019-04-11 00:15:33'),(222,'Gfdg','hfg@dsadas.com','$2y$12$qDfaQQKbDjfElL7xeEnr4.9.tyiffMG3oC.u2sCX1BoTshO3wt16a','imgcapapadrao.png','perfil_usu_padrao.png','A',5,'2019-04-11 00:15:46');
/*!40000 ALTER TABLE `usuario` ENABLE KEYS */;
UNLOCK TABLES;
/*!40103 SET TIME_ZONE=@OLD_TIME_ZONE */;

/*!40101 SET SQL_MODE=@OLD_SQL_MODE */;
/*!40014 SET FOREIGN_KEY_CHECKS=@OLD_FOREIGN_KEY_CHECKS */;
/*!40014 SET UNIQUE_CHECKS=@OLD_UNIQUE_CHECKS */;
/*!40101 SET CHARACTER_SET_CLIENT=@OLD_CHARACTER_SET_CLIENT */;
/*!40101 SET CHARACTER_SET_RESULTS=@OLD_CHARACTER_SET_RESULTS */;
/*!40101 SET COLLATION_CONNECTION=@OLD_COLLATION_CONNECTION */;
/*!40111 SET SQL_NOTES=@OLD_SQL_NOTES */;

-- Dump completed on 2019-06-28 23:06:43
